sku_id,forecast_week,horizon_step,predicted_demand,baseline_prediction,lower_80,upper_80,model_used,category,list_price
SKU-001,2026-07-12,1,320.23,397.0,305.57,331.98,LightGBM Regressor,Home Décor,1145.76
SKU-001,2026-07-19,2,293.37,347.0,272.63,309.98,LightGBM Regressor,Home Décor,1145.76
SKU-001,2026-07-26,3,311.06,390.0,285.66,331.41,LightGBM Regressor,Home Décor,1145.76
SKU-001,2026-08-02,4,289.85,78.0,260.52,313.35,LightGBM Regressor,Home Décor,1145.76
SKU-001,2026-08-09,5,320.97,397.0,288.18,347.24,LightGBM Regressor,Home Décor,1145.76
SKU-001,2026-08-16,6,301.53,347.0,265.61,330.3,LightGBM Regressor,Home Décor,1145.76
SKU-002,2026-07-12,1,77.34,76.0,62.67,89.08,LightGBM Regressor,Small Appliances,12986.92
SKU-002,2026-07-19,2,79.05,88.0,58.31,95.66,LightGBM Regressor,Small Appliances,12986.92
SKU-002,2026-07-26,3,75.13,101.0,49.73,95.47,LightGBM Regressor,Small Appliances,12986.92
SKU-002,2026-08-02,4,63.58,16.0,34.25,87.07,LightGBM Regressor,Small Appliances,12986.92
SKU-002,2026-08-09,5,72.04,76.0,39.25,98.31,LightGBM Regressor,Small Appliances,12986.92
SKU-002,2026-08-16,6,73.96,88.0,38.04,102.74,LightGBM Regressor,Small Appliances,12986.92
SKU-003,2026-07-12,1,351.17,452.0,336.51,362.92,LightGBM Regressor,Bedding & Bath,4265.05
SKU-003,2026-07-19,2,306.48,504.0,285.74,323.09,LightGBM Regressor,Bedding & Bath,4265.05
SKU-003,2026-07-26,3,345.26,545.0,319.86,365.61,LightGBM Regressor,Bedding & Bath,4265.05
SKU-003,2026-08-02,4,306.82,125.0,277.49,330.31,LightGBM Regressor,Bedding & Bath,4265.05
SKU-003,2026-08-09,5,359.74,452.0,326.95,386.01,LightGBM Regressor,Bedding & Bath,4265.05
SKU-003,2026-08-16,6,356.8,504.0,320.88,385.58,LightGBM Regressor,Bedding & Bath,4265.05
SKU-004,2026-07-12,1,390.64,539.0,375.97,402.38,LightGBM Regressor,Kitchen & Dining,2924.32
SKU-004,2026-07-19,2,316.18,524.0,295.44,332.79,LightGBM Regressor,Kitchen & Dining,2924.32
SKU-004,2026-07-26,3,353.84,512.0,328.44,374.19,LightGBM Regressor,Kitchen & Dining,2924.32
SKU-004,2026-08-02,4,317.91,125.0,288.58,341.4,LightGBM Regressor,Kitchen & Dining,2924.32
SKU-004,2026-08-09,5,388.0,539.0,355.21,414.27,LightGBM Regressor,Kitchen & Dining,2924.32
SKU-004,2026-08-16,6,365.43,524.0,329.52,394.21,LightGBM Regressor,Kitchen & Dining,2924.32
SKU-005,2026-07-12,1,30.91,36.0,16.25,42.66,LightGBM Regressor,Furnishings,43096.4
SKU-005,2026-07-19,2,30.11,34.0,9.37,46.72,LightGBM Regressor,Furnishings,43096.4
SKU-005,2026-07-26,3,30.75,35.0,5.35,51.1,LightGBM Regressor,Furnishings,43096.4
SKU-005,2026-08-02,4,27.59,13.0,0.0,51.09,LightGBM Regressor,Furnishings,43096.4
SKU-005,2026-08-09,5,27.97,36.0,0.0,54.24,LightGBM Regressor,Furnishings,43096.4
SKU-005,2026-08-16,6,27.81,34.0,0.0,56.58,LightGBM Regressor,Furnishings,43096.4
SKU-006,2026-07-12,1,37.78,50.0,23.12,49.53,LightGBM Regressor,Furnishings,3685.53
SKU-006,2026-07-19,2,35.29,46.0,14.55,51.91,LightGBM Regressor,Furnishings,3685.53
SKU-006,2026-07-26,3,31.74,43.0,6.34,52.09,LightGBM Regressor,Furnishings,3685.53
SKU-006,2026-08-02,4,30.96,4.0,1.63,54.46,LightGBM Regressor,Furnishings,3685.53
SKU-006,2026-08-09,5,38.07,50.0,5.28,64.33,LightGBM Regressor,Furnishings,3685.53
SKU-006,2026-08-16,6,37.02,46.0,1.1,65.79,LightGBM Regressor,Furnishings,3685.53
SKU-007,2026-07-12,1,107.67,135.0,93.01,119.42,LightGBM Regressor,Small Appliances,11266.7
SKU-007,2026-07-19,2,107.49,117.0,86.75,124.1,LightGBM Regressor,Small Appliances,11266.7
SKU-007,2026-07-26,3,100.9,126.0,75.5,121.25,LightGBM Regressor,Small Appliances,11266.7
SKU-007,2026-08-02,4,100.6,24.0,71.27,124.09,LightGBM Regressor,Small Appliances,11266.7
SKU-007,2026-08-09,5,103.96,135.0,71.17,130.23,LightGBM Regressor,Small Appliances,11266.7
SKU-007,2026-08-16,6,102.6,117.0,66.68,131.37,LightGBM Regressor,Small Appliances,11266.7
SKU-008,2026-07-12,1,410.97,584.0,396.31,422.72,LightGBM Regressor,Bedding & Bath,6900.62
SKU-008,2026-07-19,2,382.11,625.0,361.38,398.73,LightGBM Regressor,Bedding & Bath,6900.62
SKU-008,2026-07-26,3,355.47,598.0,330.07,375.82,LightGBM Regressor,Bedding & Bath,6900.62
SKU-008,2026-08-02,4,324.61,144.0,295.29,348.11,LightGBM Regressor,Bedding & Bath,6900.62
SKU-008,2026-08-09,5,403.12,584.0,370.33,429.38,LightGBM Regressor,Bedding & Bath,6900.62
SKU-008,2026-08-16,6,355.15,625.0,319.23,383.93,LightGBM Regressor,Bedding & Bath,6900.62
SKU-009,2026-07-12,1,348.07,499.0,333.41,359.82,LightGBM Regressor,Kitchen & Dining,1972.9
SKU-009,2026-07-19,2,303.95,484.0,283.21,320.57,LightGBM Regressor,Kitchen & Dining,1972.9
SKU-009,2026-07-26,3,339.36,495.0,313.96,359.71,LightGBM Regressor,Kitchen & Dining,1972.9
SKU-009,2026-08-02,4,301.05,93.0,271.73,324.55,LightGBM Regressor,Kitchen & Dining,1972.9
SKU-009,2026-08-09,5,354.72,499.0,321.93,380.99,LightGBM Regressor,Kitchen & Dining,1972.9
SKU-009,2026-08-16,6,352.78,484.0,316.87,381.56,LightGBM Regressor,Kitchen & Dining,1972.9
SKU-010,2026-07-12,1,27.92,28.0,13.26,39.67,LightGBM Regressor,Furnishings,47823.01
SKU-010,2026-07-19,2,27.25,25.0,6.51,43.86,LightGBM Regressor,Furnishings,47823.01
SKU-010,2026-07-26,3,26.19,38.0,0.79,46.54,LightGBM Regressor,Furnishings,47823.01
SKU-010,2026-08-02,4,24.1,5.0,0.0,47.6,LightGBM Regressor,Furnishings,47823.01
SKU-010,2026-08-09,5,25.19,28.0,0.0,51.45,LightGBM Regressor,Furnishings,47823.01
SKU-010,2026-08-16,6,25.3,25.0,0.0,54.07,LightGBM Regressor,Furnishings,47823.01
SKU-011,2026-07-12,1,256.52,290.0,241.85,268.26,LightGBM Regressor,Home Décor,7060.87
SKU-011,2026-07-19,2,261.42,334.0,240.68,278.03,LightGBM Regressor,Home Décor,7060.87
SKU-011,2026-07-26,3,264.53,324.0,239.13,284.88,LightGBM Regressor,Home Décor,7060.87
SKU-011,2026-08-02,4,228.38,49.0,199.05,251.87,LightGBM Regressor,Home Décor,7060.87
SKU-011,2026-08-09,5,251.51,290.0,218.73,277.78,LightGBM Regressor,Home Décor,7060.87
SKU-011,2026-08-16,6,254.19,334.0,218.27,282.96,LightGBM Regressor,Home Décor,7060.87
SKU-012,2026-07-12,1,38.31,51.0,23.65,50.06,LightGBM Regressor,Small Appliances,13992.72
SKU-012,2026-07-19,2,37.88,47.0,17.14,54.49,LightGBM Regressor,Small Appliances,13992.72
SKU-012,2026-07-26,3,35.58,42.0,10.18,55.93,LightGBM Regressor,Small Appliances,13992.72
SKU-012,2026-08-02,4,31.41,14.0,2.08,54.91,LightGBM Regressor,Small Appliances,13992.72
SKU-012,2026-08-09,5,38.83,51.0,6.04,65.1,LightGBM Regressor,Small Appliances,13992.72
SKU-012,2026-08-16,6,38.1,47.0,2.19,66.88,LightGBM Regressor,Small Appliances,13992.72
SKU-013,2026-07-12,1,335.3,444.0,320.64,347.05,LightGBM Regressor,Home Décor,4881.17
SKU-013,2026-07-19,2,299.28,438.0,278.54,315.89,LightGBM Regressor,Home Décor,4881.17
SKU-013,2026-07-26,3,312.41,462.0,287.01,332.76,LightGBM Regressor,Home Décor,4881.17
SKU-013,2026-08-02,4,298.93,96.0,269.6,322.43,LightGBM Regressor,Home Décor,4881.17
SKU-013,2026-08-09,5,354.35,444.0,321.57,380.62,LightGBM Regressor,Home Décor,4881.17
SKU-013,2026-08-16,6,327.43,438.0,291.51,356.21,LightGBM Regressor,Home Décor,4881.17
SKU-014,2026-07-12,1,163.03,201.0,148.37,174.78,LightGBM Regressor,Kitchen & Dining,9512.94
SKU-014,2026-07-19,2,160.29,175.0,139.55,176.9,LightGBM Regressor,Kitchen & Dining,9512.94
SKU-014,2026-07-26,3,154.2,210.0,128.8,174.55,LightGBM Regressor,Kitchen & Dining,9512.94
SKU-014,2026-08-02,4,142.95,35.0,113.62,166.44,LightGBM Regressor,Kitchen & Dining,9512.94
SKU-014,2026-08-09,5,154.18,201.0,121.39,180.45,LightGBM Regressor,Kitchen & Dining,9512.94
SKU-014,2026-08-16,6,155.87,175.0,119.96,184.65,LightGBM Regressor,Kitchen & Dining,9512.94
SKU-015,2026-07-12,1,46.53,54.0,31.87,58.28,LightGBM Regressor,Furnishings,21859.68
SKU-015,2026-07-19,2,46.24,56.0,25.5,62.86,LightGBM Regressor,Furnishings,21859.68
SKU-015,2026-07-26,3,45.24,61.0,19.84,65.58,LightGBM Regressor,Furnishings,21859.68
SKU-015,2026-08-02,4,42.01,18.0,12.68,65.5,LightGBM Regressor,Furnishings,21859.68
SKU-015,2026-08-09,5,47.98,54.0,15.19,74.25,LightGBM Regressor,Furnishings,21859.68
SKU-015,2026-08-16,6,46.99,56.0,11.07,75.77,LightGBM Regressor,Furnishings,21859.68
SKU-016,2026-07-12,1,322.86,411.0,308.2,334.61,LightGBM Regressor,Home Décor,3135.17
SKU-016,2026-07-19,2,298.34,378.0,277.6,314.95,LightGBM Regressor,Home Décor,3135.17
SKU-016,2026-07-26,3,305.57,377.0,280.17,325.92,LightGBM Regressor,Home Décor,3135.17
SKU-016,2026-08-02,4,290.17,83.0,260.85,313.67,LightGBM Regressor,Home Décor,3135.17
SKU-016,2026-08-09,5,321.28,411.0,288.49,347.55,LightGBM Regressor,Home Décor,3135.17
SKU-016,2026-08-16,6,308.27,378.0,272.35,337.05,LightGBM Regressor,Home Décor,3135.17
SKU-017,2026-07-12,1,40.94,60.0,26.28,52.69,LightGBM Regressor,Small Appliances,9641.81
SKU-017,2026-07-19,2,35.52,49.0,14.78,52.13,LightGBM Regressor,Small Appliances,9641.81
SKU-017,2026-07-26,3,31.34,28.0,5.94,51.69,LightGBM Regressor,Small Appliances,9641.81
SKU-017,2026-08-02,4,32.39,13.0,3.06,55.88,LightGBM Regressor,Small Appliances,9641.81
SKU-017,2026-08-09,5,39.88,60.0,7.09,66.15,LightGBM Regressor,Small Appliances,9641.81
SKU-017,2026-08-16,6,37.43,49.0,1.51,66.2,LightGBM Regressor,Small Appliances,9641.81
SKU-018,2026-07-12,1,333.33,436.0,318.66,345.08,LightGBM Regressor,Bedding & Bath,3941.66
SKU-018,2026-07-19,2,297.74,442.0,277.0,314.35,LightGBM Regressor,Bedding & Bath,3941.66
SKU-018,2026-07-26,3,314.36,487.0,288.96,334.7,LightGBM Regressor,Bedding & Bath,3941.66
SKU-018,2026-08-02,4,297.67,88.0,268.34,321.17,LightGBM Regressor,Bedding & Bath,3941.66
SKU-018,2026-08-09,5,349.29,436.0,316.51,375.56,LightGBM Regressor,Bedding & Bath,3941.66
SKU-018,2026-08-16,6,328.74,442.0,292.83,357.52,LightGBM Regressor,Bedding & Bath,3941.66
SKU-019,2026-07-12,1,333.99,441.0,319.33,345.74,LightGBM Regressor,Kitchen & Dining,6940.77
SKU-019,2026-07-19,2,298.95,393.0,278.22,315.57,LightGBM Regressor,Kitchen & Dining,6940.77
SKU-019,2026-07-26,3,312.29,451.0,286.89,332.64,LightGBM Regressor,Kitchen & Dining,6940.77
SKU-019,2026-08-02,4,297.5,94.0,268.17,320.99,LightGBM Regressor,Kitchen & Dining,6940.77
SKU-019,2026-08-09,5,340.8,441.0,308.01,367.07,LightGBM Regressor,Kitchen & Dining,6940.77
SKU-019,2026-08-16,6,334.49,393.0,298.57,363.26,LightGBM Regressor,Kitchen & Dining,6940.77
SKU-020,2026-07-12,1,70.82,90.0,56.16,82.57,LightGBM Regressor,Furnishings,49601.8
SKU-020,2026-07-19,2,65.09,82.0,44.35,81.71,LightGBM Regressor,Furnishings,49601.8
SKU-020,2026-07-26,3,63.28,82.0,37.88,83.63,LightGBM Regressor,Furnishings,49601.8
SKU-020,2026-08-02,4,59.73,26.0,30.4,83.23,LightGBM Regressor,Furnishings,49601.8
SKU-020,2026-08-09,5,67.41,90.0,34.62,93.68,LightGBM Regressor,Furnishings,49601.8
SKU-020,2026-08-16,6,65.21,82.0,29.29,93.98,LightGBM Regressor,Furnishings,49601.8
SKU-021,2026-07-12,1,331.81,388.0,317.14,343.56,LightGBM Regressor,Home Décor,1703.95
SKU-021,2026-07-19,2,290.14,364.0,269.4,306.75,LightGBM Regressor,Home Décor,1703.95
SKU-021,2026-07-26,3,310.65,399.0,285.26,331.0,LightGBM Regressor,Home Décor,1703.95
SKU-021,2026-08-02,4,290.79,87.0,261.47,314.29,LightGBM Regressor,Home Décor,1703.95
SKU-021,2026-08-09,5,323.01,388.0,290.22,349.28,LightGBM Regressor,Home Décor,1703.95
SKU-021,2026-08-16,6,305.69,364.0,269.77,334.46,LightGBM Regressor,Home Décor,1703.95
SKU-022,2026-07-12,1,98.58,114.0,83.91,110.33,LightGBM Regressor,Small Appliances,5670.09
SKU-022,2026-07-19,2,100.68,116.0,79.95,117.3,LightGBM Regressor,Small Appliances,5670.09
SKU-022,2026-07-26,3,99.67,123.0,74.27,120.02,LightGBM Regressor,Small Appliances,5670.09
SKU-022,2026-08-02,4,90.15,24.0,60.83,113.65,LightGBM Regressor,Small Appliances,5670.09
SKU-022,2026-08-09,5,97.92,114.0,65.13,124.19,LightGBM Regressor,Small Appliances,5670.09
SKU-022,2026-08-16,6,96.72,116.0,60.8,125.49,LightGBM Regressor,Small Appliances,5670.09
SKU-023,2026-07-12,1,260.65,297.0,245.98,272.39,LightGBM Regressor,Bedding & Bath,2036.36
SKU-023,2026-07-19,2,245.11,275.0,224.37,261.73,LightGBM Regressor,Bedding & Bath,2036.36
SKU-023,2026-07-26,3,248.11,283.0,222.71,268.45,LightGBM Regressor,Bedding & Bath,2036.36
SKU-023,2026-08-02,4,220.95,65.0,191.62,244.44,LightGBM Regressor,Bedding & Bath,2036.36
SKU-023,2026-08-09,5,238.62,297.0,205.83,264.88,LightGBM Regressor,Bedding & Bath,2036.36
SKU-023,2026-08-16,6,235.33,275.0,199.41,264.11,LightGBM Regressor,Bedding & Bath,2036.36
SKU-024,2026-07-12,1,335.98,485.0,321.32,347.73,LightGBM Regressor,Kitchen & Dining,6662.92
SKU-024,2026-07-19,2,305.55,436.0,284.81,322.16,LightGBM Regressor,Kitchen & Dining,6662.92
SKU-024,2026-07-26,3,316.51,473.0,291.11,336.85,LightGBM Regressor,Kitchen & Dining,6662.92
SKU-024,2026-08-02,4,302.22,109.0,272.89,325.71,LightGBM Regressor,Kitchen & Dining,6662.92
SKU-024,2026-08-09,5,357.51,485.0,324.72,383.78,LightGBM Regressor,Kitchen & Dining,6662.92
SKU-024,2026-08-16,6,347.36,436.0,311.44,376.13,LightGBM Regressor,Kitchen & Dining,6662.92
SKU-025,2026-07-12,1,17.53,22.0,2.87,29.28,LightGBM Regressor,Furnishings,28594.35
SKU-025,2026-07-19,2,16.85,15.0,0.0,33.46,LightGBM Regressor,Furnishings,28594.35
SKU-025,2026-07-26,3,16.13,18.0,0.0,36.48,LightGBM Regressor,Furnishings,28594.35
SKU-025,2026-08-02,4,15.05,7.0,0.0,38.55,LightGBM Regressor,Furnishings,28594.35
SKU-025,2026-08-09,5,16.06,22.0,0.0,42.33,LightGBM Regressor,Furnishings,28594.35
SKU-025,2026-08-16,6,15.46,15.0,0.0,44.24,LightGBM Regressor,Furnishings,28594.35
SKU-026,2026-07-12,1,133.23,148.0,118.56,144.97,LightGBM Regressor,Small Appliances,1416.4
SKU-026,2026-07-19,2,132.98,151.0,112.24,149.59,LightGBM Regressor,Small Appliances,1416.4
SKU-026,2026-07-26,3,126.18,168.0,100.79,146.53,LightGBM Regressor,Small Appliances,1416.4
SKU-026,2026-08-02,4,118.89,31.0,89.56,142.38,LightGBM Regressor,Small Appliances,1416.4
SKU-026,2026-08-09,5,130.0,148.0,97.21,156.27,LightGBM Regressor,Small Appliances,1416.4
SKU-026,2026-08-16,6,128.52,151.0,92.6,157.29,LightGBM Regressor,Small Appliances,1416.4
SKU-027,2026-07-12,1,178.41,208.0,163.75,190.16,LightGBM Regressor,Small Appliances,11910.13
SKU-027,2026-07-19,2,184.39,208.0,163.65,201.0,LightGBM Regressor,Small Appliances,11910.13
SKU-027,2026-07-26,3,176.81,196.0,151.42,197.16,LightGBM Regressor,Small Appliances,11910.13
SKU-027,2026-08-02,4,178.8,42.0,149.48,202.3,LightGBM Regressor,Small Appliances,11910.13
SKU-027,2026-08-09,5,179.84,208.0,147.05,206.11,LightGBM Regressor,Small Appliances,11910.13
SKU-027,2026-08-16,6,175.85,208.0,139.93,204.62,LightGBM Regressor,Small Appliances,11910.13
SKU-028,2026-07-12,1,209.93,211.0,195.27,221.68,LightGBM Regressor,Bedding & Bath,3916.07
SKU-028,2026-07-19,2,209.5,256.0,188.76,226.11,LightGBM Regressor,Bedding & Bath,3916.07
SKU-028,2026-07-26,3,194.8,237.0,169.4,215.15,LightGBM Regressor,Bedding & Bath,3916.07
SKU-028,2026-08-02,4,200.72,39.0,171.4,224.22,LightGBM Regressor,Bedding & Bath,3916.07
SKU-028,2026-08-09,5,190.12,211.0,157.33,216.39,LightGBM Regressor,Bedding & Bath,3916.07
SKU-028,2026-08-16,6,197.58,256.0,161.66,226.35,LightGBM Regressor,Bedding & Bath,3916.07
SKU-029,2026-07-12,1,270.41,343.0,255.74,282.15,LightGBM Regressor,Kitchen & Dining,9406.29
SKU-029,2026-07-19,2,267.73,317.0,246.99,284.34,LightGBM Regressor,Kitchen & Dining,9406.29
SKU-029,2026-07-26,3,283.08,294.0,257.68,303.43,LightGBM Regressor,Kitchen & Dining,9406.29
SKU-029,2026-08-02,4,271.89,74.0,242.56,295.38,LightGBM Regressor,Kitchen & Dining,9406.29
SKU-029,2026-08-09,5,290.22,343.0,257.43,316.49,LightGBM Regressor,Kitchen & Dining,9406.29
SKU-029,2026-08-16,6,294.69,317.0,258.78,323.47,LightGBM Regressor,Kitchen & Dining,9406.29
SKU-030,2026-07-12,1,55.63,69.0,40.96,67.38,LightGBM Regressor,Furnishings,39443.54
SKU-030,2026-07-19,2,58.24,87.0,37.5,74.85,LightGBM Regressor,Furnishings,39443.54
SKU-030,2026-07-26,3,54.83,90.0,29.43,75.18,LightGBM Regressor,Furnishings,39443.54
SKU-030,2026-08-02,4,51.2,22.0,21.88,74.7,LightGBM Regressor,Furnishings,39443.54
SKU-030,2026-08-09,5,59.88,69.0,27.09,86.15,LightGBM Regressor,Furnishings,39443.54
SKU-030,2026-08-16,6,56.35,87.0,20.43,85.12,LightGBM Regressor,Furnishings,39443.54
SKU-031,2026-07-12,1,115.7,133.0,101.04,127.45,LightGBM Regressor,Home Décor,1756.4
SKU-031,2026-07-19,2,117.36,149.0,96.63,133.98,LightGBM Regressor,Home Décor,1756.4
SKU-031,2026-07-26,3,112.19,137.0,86.79,132.54,LightGBM Regressor,Home Décor,1756.4
SKU-031,2026-08-02,4,114.5,30.0,85.17,137.99,LightGBM Regressor,Home Décor,1756.4
SKU-031,2026-08-09,5,118.54,133.0,85.75,144.81,LightGBM Regressor,Home Décor,1756.4
SKU-031,2026-08-16,6,115.0,149.0,79.08,143.77,LightGBM Regressor,Home Décor,1756.4
SKU-032,2026-07-12,1,97.61,129.0,82.94,109.36,LightGBM Regressor,Small Appliances,16806.7
SKU-032,2026-07-19,2,86.72,114.0,65.98,103.34,LightGBM Regressor,Small Appliances,16806.7
SKU-032,2026-07-26,3,82.29,93.0,56.89,102.63,LightGBM Regressor,Small Appliances,16806.7
SKU-032,2026-08-02,4,75.19,20.0,45.86,98.68,LightGBM Regressor,Small Appliances,16806.7
SKU-032,2026-08-09,5,87.77,129.0,54.99,114.04,LightGBM Regressor,Small Appliances,16806.7
SKU-032,2026-08-16,6,85.45,114.0,49.53,114.23,LightGBM Regressor,Small Appliances,16806.7
SKU-033,2026-07-12,1,268.59,338.0,253.92,280.34,LightGBM Regressor,Bedding & Bath,3950.46
SKU-033,2026-07-19,2,263.74,298.0,243.0,280.36,LightGBM Regressor,Bedding & Bath,3950.46
SKU-033,2026-07-26,3,280.74,313.0,255.34,301.09,LightGBM Regressor,Bedding & Bath,3950.46
SKU-033,2026-08-02,4,271.51,70.0,242.19,295.01,LightGBM Regressor,Bedding & Bath,3950.46
SKU-033,2026-08-09,5,299.88,338.0,267.09,326.15,LightGBM Regressor,Bedding & Bath,3950.46
SKU-033,2026-08-16,6,290.1,298.0,254.18,318.87,LightGBM Regressor,Bedding & Bath,3950.46
SKU-034,2026-07-12,1,402.24,530.0,387.58,413.99,LightGBM Regressor,Kitchen & Dining,7547.35
SKU-034,2026-07-19,2,312.37,509.0,291.63,328.98,LightGBM Regressor,Kitchen & Dining,7547.35
SKU-034,2026-07-26,3,362.34,530.0,336.95,382.69,LightGBM Regressor,Kitchen & Dining,7547.35
SKU-034,2026-08-02,4,313.61,135.0,284.28,337.1,LightGBM Regressor,Kitchen & Dining,7547.35
SKU-034,2026-08-09,5,388.11,530.0,355.32,414.38,LightGBM Regressor,Kitchen & Dining,7547.35
SKU-034,2026-08-16,6,363.55,509.0,327.64,392.33,LightGBM Regressor,Kitchen & Dining,7547.35
SKU-035,2026-07-12,1,70.96,97.0,56.3,82.71,LightGBM Regressor,Furnishings,22547.07
SKU-035,2026-07-19,2,67.14,97.0,46.41,83.76,LightGBM Regressor,Furnishings,22547.07
SKU-035,2026-07-26,3,63.33,80.0,37.93,83.68,LightGBM Regressor,Furnishings,22547.07
SKU-035,2026-08-02,4,59.31,27.0,29.98,82.8,LightGBM Regressor,Furnishings,22547.07
SKU-035,2026-08-09,5,69.6,97.0,36.82,95.87,LightGBM Regressor,Furnishings,22547.07
SKU-035,2026-08-16,6,66.56,97.0,30.65,95.34,LightGBM Regressor,Furnishings,22547.07
SKU-036,2026-07-12,1,103.99,108.0,89.33,115.74,LightGBM Regressor,Home Décor,4919.86
SKU-036,2026-07-19,2,102.99,128.0,82.25,119.6,LightGBM Regressor,Home Décor,4919.86
SKU-036,2026-07-26,3,103.43,120.0,78.03,123.78,LightGBM Regressor,Home Décor,4919.86
SKU-036,2026-08-02,4,94.9,33.0,65.57,118.39,LightGBM Regressor,Home Décor,4919.86
SKU-036,2026-08-09,5,100.51,108.0,67.72,126.78,LightGBM Regressor,Home Décor,4919.86
SKU-036,2026-08-16,6,100.82,128.0,64.9,129.59,LightGBM Regressor,Home Décor,4919.86
SKU-037,2026-07-12,1,11.62,14.0,0.0,23.37,LightGBM Regressor,Small Appliances,15554.71
SKU-037,2026-07-19,2,12.07,14.0,0.0,28.69,LightGBM Regressor,Small Appliances,15554.71
SKU-037,2026-07-26,3,11.5,14.0,0.0,31.85,LightGBM Regressor,Small Appliances,15554.71
SKU-037,2026-08-02,4,10.37,0.0,0.0,33.86,LightGBM Regressor,Small Appliances,15554.71
SKU-037,2026-08-09,5,11.68,14.0,0.0,37.95,LightGBM Regressor,Small Appliances,15554.71
SKU-037,2026-08-16,6,11.44,14.0,0.0,40.22,LightGBM Regressor,Small Appliances,15554.71
SKU-038,2026-07-12,1,97.01,110.0,82.35,108.76,LightGBM Regressor,Bedding & Bath,2020.62
SKU-038,2026-07-19,2,97.28,101.0,76.54,113.89,LightGBM Regressor,Bedding & Bath,2020.62
SKU-038,2026-07-26,3,94.52,116.0,69.12,114.86,LightGBM Regressor,Bedding & Bath,2020.62
SKU-038,2026-08-02,4,81.43,23.0,52.11,104.93,LightGBM Regressor,Bedding & Bath,2020.62
SKU-038,2026-08-09,5,90.47,110.0,57.69,116.74,LightGBM Regressor,Bedding & Bath,2020.62
SKU-038,2026-08-16,6,91.54,101.0,55.63,120.32,LightGBM Regressor,Bedding & Bath,2020.62
SKU-039,2026-07-12,1,127.24,157.0,112.57,138.98,LightGBM Regressor,Kitchen & Dining,7289.35
SKU-039,2026-07-19,2,122.17,130.0,101.43,138.78,LightGBM Regressor,Kitchen & Dining,7289.35
SKU-039,2026-07-26,3,122.08,154.0,96.68,142.43,LightGBM Regressor,Kitchen & Dining,7289.35
SKU-039,2026-08-02,4,120.27,41.0,90.94,143.77,LightGBM Regressor,Kitchen & Dining,7289.35
SKU-039,2026-08-09,5,129.74,157.0,96.95,156.01,LightGBM Regressor,Kitchen & Dining,7289.35
SKU-039,2026-08-16,6,125.69,130.0,89.77,154.46,LightGBM Regressor,Kitchen & Dining,7289.35
SKU-040,2026-07-12,1,21.54,22.0,6.88,33.29,LightGBM Regressor,Furnishings,14171.2
SKU-040,2026-07-19,2,21.68,25.0,0.95,38.3,LightGBM Regressor,Furnishings,14171.2
SKU-040,2026-07-26,3,20.26,24.0,0.0,40.61,LightGBM Regressor,Furnishings,14171.2
SKU-040,2026-08-02,4,20.72,3.0,0.0,44.22,LightGBM Regressor,Furnishings,14171.2
SKU-040,2026-08-09,5,19.95,22.0,0.0,46.22,LightGBM Regressor,Furnishings,14171.2
SKU-040,2026-08-16,6,19.96,25.0,0.0,48.73,LightGBM Regressor,Furnishings,14171.2
SKU-041,2026-07-12,1,53.03,79.0,38.37,64.78,LightGBM Regressor,Home Décor,3122.27
SKU-041,2026-07-19,2,49.72,68.0,28.99,66.34,LightGBM Regressor,Home Décor,3122.27
SKU-041,2026-07-26,3,48.57,59.0,23.17,68.92,LightGBM Regressor,Home Décor,3122.27
SKU-041,2026-08-02,4,46.7,11.0,17.37,70.2,LightGBM Regressor,Home Décor,3122.27
SKU-041,2026-08-09,5,54.55,79.0,21.76,80.82,LightGBM Regressor,Home Décor,3122.27
SKU-041,2026-08-16,6,50.48,68.0,14.57,79.26,LightGBM Regressor,Home Décor,3122.27
SKU-042,2026-07-12,1,40.8,52.0,26.14,52.55,LightGBM Regressor,Small Appliances,15914.49
SKU-042,2026-07-19,2,42.13,52.0,21.4,58.75,LightGBM Regressor,Small Appliances,15914.49
SKU-042,2026-07-26,3,39.45,51.0,14.05,59.8,LightGBM Regressor,Small Appliances,15914.49
SKU-042,2026-08-02,4,36.52,12.0,7.2,60.02,LightGBM Regressor,Small Appliances,15914.49
SKU-042,2026-08-09,5,40.43,52.0,7.65,66.7,LightGBM Regressor,Small Appliances,15914.49
SKU-042,2026-08-16,6,39.17,52.0,3.25,67.95,LightGBM Regressor,Small Appliances,15914.49
SKU-043,2026-07-12,1,76.88,86.0,62.22,88.63,LightGBM Regressor,Bedding & Bath,4103.98
SKU-043,2026-07-19,2,74.98,100.0,54.25,91.6,LightGBM Regressor,Bedding & Bath,4103.98
SKU-043,2026-07-26,3,66.04,85.0,40.65,86.39,LightGBM Regressor,Bedding & Bath,4103.98
SKU-043,2026-08-02,4,65.28,24.0,35.96,88.78,LightGBM Regressor,Bedding & Bath,4103.98
SKU-043,2026-08-09,5,77.93,86.0,45.14,104.2,LightGBM Regressor,Bedding & Bath,4103.98
SKU-043,2026-08-16,6,77.15,100.0,41.23,105.93,LightGBM Regressor,Bedding & Bath,4103.98
SKU-044,2026-07-12,1,97.05,117.0,82.39,108.8,LightGBM Regressor,Kitchen & Dining,7866.45
SKU-044,2026-07-19,2,88.58,103.0,67.85,105.2,LightGBM Regressor,Kitchen & Dining,7866.45
SKU-044,2026-07-26,3,86.17,105.0,60.77,106.51,LightGBM Regressor,Kitchen & Dining,7866.45
SKU-044,2026-08-02,4,74.72,22.0,45.39,98.21,LightGBM Regressor,Kitchen & Dining,7866.45
SKU-044,2026-08-09,5,87.81,117.0,55.02,114.08,LightGBM Regressor,Kitchen & Dining,7866.45
SKU-044,2026-08-16,6,87.11,103.0,51.19,115.88,LightGBM Regressor,Kitchen & Dining,7866.45
SKU-045,2026-07-12,1,17.93,31.0,3.26,29.67,LightGBM Regressor,Furnishings,9683.16
SKU-045,2026-07-19,2,16.55,25.0,0.0,33.17,LightGBM Regressor,Furnishings,9683.16
SKU-045,2026-07-26,3,15.96,16.0,0.0,36.31,LightGBM Regressor,Furnishings,9683.16
SKU-045,2026-08-02,4,13.56,1.0,0.0,37.06,LightGBM Regressor,Furnishings,9683.16
SKU-045,2026-08-09,5,18.2,31.0,0.0,44.47,LightGBM Regressor,Furnishings,9683.16
SKU-045,2026-08-16,6,15.89,25.0,0.0,44.67,LightGBM Regressor,Furnishings,9683.16
SKU-046,2026-07-12,1,100.61,112.0,85.94,112.35,LightGBM Regressor,Home Décor,4088.98
SKU-046,2026-07-19,2,103.26,124.0,82.52,119.88,LightGBM Regressor,Home Décor,4088.98
SKU-046,2026-07-26,3,97.25,108.0,71.86,117.6,LightGBM Regressor,Home Décor,4088.98
SKU-046,2026-08-02,4,88.68,28.0,59.35,112.18,LightGBM Regressor,Home Décor,4088.98
SKU-046,2026-08-09,5,98.78,112.0,65.99,125.05,LightGBM Regressor,Home Décor,4088.98
SKU-046,2026-08-16,6,97.97,124.0,62.05,126.74,LightGBM Regressor,Home Décor,4088.98
SKU-047,2026-07-12,1,15.02,16.0,0.35,26.76,LightGBM Regressor,Small Appliances,6600.93
SKU-047,2026-07-19,2,14.43,10.0,0.0,31.04,LightGBM Regressor,Small Appliances,6600.93
SKU-047,2026-07-26,3,15.44,21.0,0.0,35.79,LightGBM Regressor,Small Appliances,6600.93
SKU-047,2026-08-02,4,14.64,4.0,0.0,38.14,LightGBM Regressor,Small Appliances,6600.93
SKU-047,2026-08-09,5,13.99,16.0,0.0,40.25,LightGBM Regressor,Small Appliances,6600.93
SKU-047,2026-08-16,6,13.55,10.0,0.0,42.33,LightGBM Regressor,Small Appliances,6600.93
SKU-048,2026-07-12,1,151.33,167.0,136.67,163.08,LightGBM Regressor,Bedding & Bath,4247.95
SKU-048,2026-07-19,2,146.41,160.0,125.67,163.02,LightGBM Regressor,Bedding & Bath,4247.95
SKU-048,2026-07-26,3,145.51,196.0,120.11,165.86,LightGBM Regressor,Bedding & Bath,4247.95
SKU-048,2026-08-02,4,132.6,37.0,103.28,156.1,LightGBM Regressor,Bedding & Bath,4247.95
SKU-048,2026-08-09,5,147.46,167.0,114.67,173.72,LightGBM Regressor,Bedding & Bath,4247.95
SKU-048,2026-08-16,6,139.54,160.0,103.62,168.31,LightGBM Regressor,Bedding & Bath,4247.95
SKU-049,2026-07-12,1,81.87,93.0,67.21,93.62,LightGBM Regressor,Kitchen & Dining,5534.07
SKU-049,2026-07-19,2,76.92,94.0,56.18,93.54,LightGBM Regressor,Kitchen & Dining,5534.07
SKU-049,2026-07-26,3,74.09,100.0,48.69,94.43,LightGBM Regressor,Kitchen & Dining,5534.07
SKU-049,2026-08-02,4,67.1,24.0,37.77,90.59,LightGBM Regressor,Kitchen & Dining,5534.07
SKU-049,2026-08-09,5,80.89,93.0,48.1,107.16,LightGBM Regressor,Kitchen & Dining,5534.07
SKU-049,2026-08-16,6,79.25,94.0,43.34,108.03,LightGBM Regressor,Kitchen & Dining,5534.07
SKU-050,2026-07-12,1,5.73,5.0,0.0,17.48,LightGBM Regressor,Furnishings,19234.26
SKU-050,2026-07-19,2,5.78,5.0,0.0,22.39,LightGBM Regressor,Furnishings,19234.26
SKU-050,2026-07-26,3,5.73,2.0,0.0,26.07,LightGBM Regressor,Furnishings,19234.26
SKU-050,2026-08-02,4,5.86,2.0,0.0,29.36,LightGBM Regressor,Furnishings,19234.26
SKU-050,2026-08-09,5,5.46,5.0,0.0,31.73,LightGBM Regressor,Furnishings,19234.26
SKU-050,2026-08-16,6,5.47,5.0,0.0,34.24,LightGBM Regressor,Furnishings,19234.26
SKU-051,2026-07-12,1,58.7,88.0,44.03,70.44,LightGBM Regressor,Home Décor,1770.54
SKU-051,2026-07-19,2,58.78,76.0,38.04,75.39,LightGBM Regressor,Home Décor,1770.54
SKU-051,2026-07-26,3,53.62,76.0,28.22,73.97,LightGBM Regressor,Home Décor,1770.54
SKU-051,2026-08-02,4,49.34,18.0,20.01,72.83,LightGBM Regressor,Home Décor,1770.54
SKU-051,2026-08-09,5,57.7,88.0,24.91,83.97,LightGBM Regressor,Home Décor,1770.54
SKU-051,2026-08-16,6,57.53,76.0,21.62,86.31,LightGBM Regressor,Home Décor,1770.54
SKU-052,2026-07-12,1,22.24,23.0,7.58,33.99,LightGBM Regressor,Small Appliances,9096.37
SKU-052,2026-07-19,2,22.6,19.0,1.86,39.21,LightGBM Regressor,Small Appliances,9096.37
SKU-052,2026-07-26,3,23.01,28.0,0.0,43.35,LightGBM Regressor,Small Appliances,9096.37
SKU-052,2026-08-02,4,21.01,10.0,0.0,44.51,LightGBM Regressor,Small Appliances,9096.37
SKU-052,2026-08-09,5,21.18,23.0,0.0,47.45,LightGBM Regressor,Small Appliances,9096.37
SKU-052,2026-08-16,6,20.98,19.0,0.0,49.76,LightGBM Regressor,Small Appliances,9096.37
SKU-053,2026-07-12,1,175.83,209.0,161.17,187.58,LightGBM Regressor,Bedding & Bath,1948.7
SKU-053,2026-07-19,2,173.58,193.0,152.84,190.19,LightGBM Regressor,Bedding & Bath,1948.7
SKU-053,2026-07-26,3,172.64,206.0,147.25,192.99,LightGBM Regressor,Bedding & Bath,1948.7
SKU-053,2026-08-02,4,159.51,43.0,130.19,183.01,LightGBM Regressor,Bedding & Bath,1948.7
SKU-053,2026-08-09,5,165.53,209.0,132.74,191.8,LightGBM Regressor,Bedding & Bath,1948.7
SKU-053,2026-08-16,6,164.89,193.0,128.98,193.67,LightGBM Regressor,Bedding & Bath,1948.7
SKU-054,2026-07-12,1,105.66,135.0,90.99,117.4,LightGBM Regressor,Kitchen & Dining,2551.43
SKU-054,2026-07-19,2,108.21,127.0,87.47,124.82,LightGBM Regressor,Kitchen & Dining,2551.43
SKU-054,2026-07-26,3,103.37,130.0,77.97,123.72,LightGBM Regressor,Kitchen & Dining,2551.43
SKU-054,2026-08-02,4,99.39,27.0,70.06,122.88,LightGBM Regressor,Kitchen & Dining,2551.43
SKU-054,2026-08-09,5,105.81,135.0,73.02,132.08,LightGBM Regressor,Kitchen & Dining,2551.43
SKU-054,2026-08-16,6,103.44,127.0,67.53,132.22,LightGBM Regressor,Kitchen & Dining,2551.43
SKU-055,2026-07-12,1,23.36,29.0,8.7,35.11,LightGBM Regressor,Furnishings,16545.15
SKU-055,2026-07-19,2,22.65,29.0,1.91,39.26,LightGBM Regressor,Furnishings,16545.15
SKU-055,2026-07-26,3,21.66,27.0,0.0,42.01,LightGBM Regressor,Furnishings,16545.15
SKU-055,2026-08-02,4,20.18,6.0,0.0,43.67,LightGBM Regressor,Furnishings,16545.15
SKU-055,2026-08-09,5,22.18,29.0,0.0,48.45,LightGBM Regressor,Furnishings,16545.15
SKU-055,2026-08-16,6,21.68,29.0,0.0,50.45,LightGBM Regressor,Furnishings,16545.15
SKU-056,2026-07-12,1,99.92,89.0,85.25,111.66,LightGBM Regressor,Home Décor,7015.36
SKU-056,2026-07-19,2,105.27,119.0,84.53,121.88,LightGBM Regressor,Home Décor,7015.36
SKU-056,2026-07-26,3,99.23,109.0,73.83,119.58,LightGBM Regressor,Home Décor,7015.36
SKU-056,2026-08-02,4,96.31,31.0,66.98,119.81,LightGBM Regressor,Home Décor,7015.36
SKU-056,2026-08-09,5,95.07,89.0,62.28,121.34,LightGBM Regressor,Home Décor,7015.36
SKU-056,2026-08-16,6,98.27,119.0,62.35,127.05,LightGBM Regressor,Home Décor,7015.36
SKU-057,2026-07-12,1,15.49,18.0,0.82,27.24,LightGBM Regressor,Small Appliances,11393.94
SKU-057,2026-07-19,2,15.88,18.0,0.0,32.5,LightGBM Regressor,Small Appliances,11393.94
SKU-057,2026-07-26,3,15.27,18.0,0.0,35.62,LightGBM Regressor,Small Appliances,11393.94
SKU-057,2026-08-02,4,14.91,6.0,0.0,38.4,LightGBM Regressor,Small Appliances,11393.94
SKU-057,2026-08-09,5,15.8,18.0,0.0,42.07,LightGBM Regressor,Small Appliances,11393.94
SKU-057,2026-08-16,6,15.18,18.0,0.0,43.96,LightGBM Regressor,Small Appliances,11393.94
SKU-058,2026-07-12,1,151.1,164.0,136.44,162.85,LightGBM Regressor,Bedding & Bath,7935.71
SKU-058,2026-07-19,2,155.39,192.0,134.66,172.01,LightGBM Regressor,Bedding & Bath,7935.71
SKU-058,2026-07-26,3,140.99,182.0,115.59,161.33,LightGBM Regressor,Bedding & Bath,7935.71
SKU-058,2026-08-02,4,136.62,32.0,107.3,160.12,LightGBM Regressor,Bedding & Bath,7935.71
SKU-058,2026-08-09,5,151.42,164.0,118.64,177.69,LightGBM Regressor,Bedding & Bath,7935.71
SKU-058,2026-08-16,6,151.58,192.0,115.66,180.36,LightGBM Regressor,Bedding & Bath,7935.71
SKU-059,2026-07-12,1,130.22,147.0,115.56,141.97,LightGBM Regressor,Kitchen & Dining,4397.72
SKU-059,2026-07-19,2,127.32,145.0,106.58,143.93,LightGBM Regressor,Kitchen & Dining,4397.72
SKU-059,2026-07-26,3,120.4,162.0,95.0,140.75,LightGBM Regressor,Kitchen & Dining,4397.72
SKU-059,2026-08-02,4,115.71,37.0,86.38,139.21,LightGBM Regressor,Kitchen & Dining,4397.72
SKU-059,2026-08-09,5,124.4,147.0,91.61,150.67,LightGBM Regressor,Kitchen & Dining,4397.72
SKU-059,2026-08-16,6,123.47,145.0,87.55,152.24,LightGBM Regressor,Kitchen & Dining,4397.72
SKU-060,2026-07-12,1,6.72,8.0,0.0,18.47,LightGBM Regressor,Furnishings,13401.17
SKU-060,2026-07-19,2,6.47,7.0,0.0,23.08,LightGBM Regressor,Furnishings,13401.17
SKU-060,2026-07-26,3,6.38,7.0,0.0,26.73,LightGBM Regressor,Furnishings,13401.17
SKU-060,2026-08-02,4,6.29,0.0,0.0,29.78,LightGBM Regressor,Furnishings,13401.17
SKU-060,2026-08-09,5,6.54,8.0,0.0,32.81,LightGBM Regressor,Furnishings,13401.17
SKU-060,2026-08-16,6,6.57,7.0,0.0,35.35,LightGBM Regressor,Furnishings,13401.17
SKU-061,2026-07-12,1,104.23,144.0,89.57,115.98,LightGBM Regressor,Home Décor,7705.6
SKU-061,2026-07-19,2,104.74,119.0,84.01,121.36,LightGBM Regressor,Home Décor,7705.6
SKU-061,2026-07-26,3,99.18,103.0,73.78,119.52,LightGBM Regressor,Home Décor,7705.6
SKU-061,2026-08-02,4,97.06,31.0,67.74,120.56,LightGBM Regressor,Home Décor,7705.6
SKU-061,2026-08-09,5,101.15,144.0,68.36,127.42,LightGBM Regressor,Home Décor,7705.6
SKU-061,2026-08-16,6,99.21,119.0,63.3,127.99,LightGBM Regressor,Home Décor,7705.6
SKU-062,2026-07-12,1,34.35,38.0,19.69,46.1,LightGBM Regressor,Small Appliances,12645.83
SKU-062,2026-07-19,2,35.81,41.0,15.07,52.42,LightGBM Regressor,Small Appliances,12645.83
SKU-062,2026-07-26,3,30.55,39.0,5.16,50.9,LightGBM Regressor,Small Appliances,12645.83
SKU-062,2026-08-02,4,31.64,13.0,2.31,55.13,LightGBM Regressor,Small Appliances,12645.83
SKU-062,2026-08-09,5,35.54,38.0,2.75,61.81,LightGBM Regressor,Small Appliances,12645.83
SKU-062,2026-08-16,6,33.43,41.0,0.0,62.21,LightGBM Regressor,Small Appliances,12645.83
SKU-063,2026-07-12,1,152.48,168.0,137.82,164.23,LightGBM Regressor,Bedding & Bath,2225.58
SKU-063,2026-07-19,2,151.76,179.0,131.02,168.37,LightGBM Regressor,Bedding & Bath,2225.58
SKU-063,2026-07-26,3,144.66,185.0,119.26,165.01,LightGBM Regressor,Bedding & Bath,2225.58
SKU-063,2026-08-02,4,135.27,42.0,105.95,158.77,LightGBM Regressor,Bedding & Bath,2225.58
SKU-063,2026-08-09,5,150.09,168.0,117.31,176.36,LightGBM Regressor,Bedding & Bath,2225.58
SKU-063,2026-08-16,6,149.7,179.0,113.78,178.48,LightGBM Regressor,Bedding & Bath,2225.58
SKU-064,2026-07-12,1,50.47,60.0,35.81,62.22,LightGBM Regressor,Kitchen & Dining,5947.85
SKU-064,2026-07-19,2,49.29,63.0,28.56,65.91,LightGBM Regressor,Kitchen & Dining,5947.85
SKU-064,2026-07-26,3,49.88,61.0,24.48,70.23,LightGBM Regressor,Kitchen & Dining,5947.85
SKU-064,2026-08-02,4,44.95,14.0,15.63,68.45,LightGBM Regressor,Kitchen & Dining,5947.85
SKU-064,2026-08-09,5,50.29,60.0,17.5,76.56,LightGBM Regressor,Kitchen & Dining,5947.85
SKU-064,2026-08-16,6,48.99,63.0,13.07,77.76,LightGBM Regressor,Kitchen & Dining,5947.85
SKU-065,2026-07-12,1,11.32,16.0,0.0,23.07,LightGBM Regressor,Furnishings,34455.46
SKU-065,2026-07-19,2,9.85,6.0,0.0,26.47,LightGBM Regressor,Furnishings,34455.46
SKU-065,2026-07-26,3,11.5,10.0,0.0,31.85,LightGBM Regressor,Furnishings,34455.46
SKU-065,2026-08-02,4,11.86,6.0,0.0,35.36,LightGBM Regressor,Furnishings,34455.46
SKU-065,2026-08-09,5,11.45,16.0,0.0,37.72,LightGBM Regressor,Furnishings,34455.46
SKU-065,2026-08-16,6,10.32,6.0,0.0,39.1,LightGBM Regressor,Furnishings,34455.46
SKU-066,2026-07-12,1,68.19,96.0,53.53,79.94,LightGBM Regressor,Home Décor,6277.89
SKU-066,2026-07-19,2,63.14,81.0,42.4,79.75,LightGBM Regressor,Home Décor,6277.89
SKU-066,2026-07-26,3,59.58,71.0,34.18,79.93,LightGBM Regressor,Home Décor,6277.89
SKU-066,2026-08-02,4,58.39,22.0,29.07,81.89,LightGBM Regressor,Home Décor,6277.89
SKU-066,2026-08-09,5,64.83,96.0,32.04,91.1,LightGBM Regressor,Home Décor,6277.89
SKU-066,2026-08-16,6,63.37,81.0,27.45,92.15,LightGBM Regressor,Home Décor,6277.89
SKU-067,2026-07-12,1,27.33,32.0,12.66,39.08,LightGBM Regressor,Small Appliances,11089.0
SKU-067,2026-07-19,2,26.62,34.0,5.88,43.24,LightGBM Regressor,Small Appliances,11089.0
SKU-067,2026-07-26,3,24.56,25.0,0.0,44.91,LightGBM Regressor,Small Appliances,11089.0
SKU-067,2026-08-02,4,24.83,11.0,0.0,48.33,LightGBM Regressor,Small Appliances,11089.0
SKU-067,2026-08-09,5,26.55,32.0,0.0,52.81,LightGBM Regressor,Small Appliances,11089.0
SKU-067,2026-08-16,6,26.03,34.0,0.0,54.8,LightGBM Regressor,Small Appliances,11089.0
SKU-068,2026-07-12,1,67.17,79.0,52.51,78.92,LightGBM Regressor,Bedding & Bath,2456.49
SKU-068,2026-07-19,2,65.23,75.0,44.49,81.84,LightGBM Regressor,Bedding & Bath,2456.49
SKU-068,2026-07-26,3,64.44,68.0,39.04,84.79,LightGBM Regressor,Bedding & Bath,2456.49
SKU-068,2026-08-02,4,62.28,29.0,32.95,85.78,LightGBM Regressor,Bedding & Bath,2456.49
SKU-068,2026-08-09,5,64.86,79.0,32.07,91.13,LightGBM Regressor,Bedding & Bath,2456.49
SKU-068,2026-08-16,6,60.71,75.0,24.8,89.49,LightGBM Regressor,Bedding & Bath,2456.49
SKU-069,2026-07-12,1,109.26,122.0,94.59,121.01,LightGBM Regressor,Kitchen & Dining,5684.94
SKU-069,2026-07-19,2,108.37,133.0,87.63,124.98,LightGBM Regressor,Kitchen & Dining,5684.94
SKU-069,2026-07-26,3,109.42,129.0,84.02,129.77,LightGBM Regressor,Kitchen & Dining,5684.94
SKU-069,2026-08-02,4,104.8,30.0,75.48,128.3,LightGBM Regressor,Kitchen & Dining,5684.94
SKU-069,2026-08-09,5,108.82,122.0,76.03,135.09,LightGBM Regressor,Kitchen & Dining,5684.94
SKU-069,2026-08-16,6,104.65,133.0,68.73,133.42,LightGBM Regressor,Kitchen & Dining,5684.94
SKU-070,2026-07-12,1,6.77,11.0,0.0,18.52,LightGBM Regressor,Furnishings,45588.47
SKU-070,2026-07-19,2,5.93,7.0,0.0,22.55,LightGBM Regressor,Furnishings,45588.47
SKU-070,2026-07-26,3,6.13,5.0,0.0,26.47,LightGBM Regressor,Furnishings,45588.47
SKU-070,2026-08-02,4,6.32,2.0,0.0,29.81,LightGBM Regressor,Furnishings,45588.47
SKU-070,2026-08-09,5,6.64,11.0,0.0,32.91,LightGBM Regressor,Furnishings,45588.47
SKU-070,2026-08-16,6,5.51,7.0,0.0,34.29,LightGBM Regressor,Furnishings,45588.47
SKU-071,2026-07-12,1,84.53,99.0,69.86,96.27,LightGBM Regressor,Home Décor,2453.12
SKU-071,2026-07-19,2,83.54,101.0,62.8,100.16,LightGBM Regressor,Home Décor,2453.12
SKU-071,2026-07-26,3,76.02,101.0,50.62,96.37,LightGBM Regressor,Home Décor,2453.12
SKU-071,2026-08-02,4,69.33,23.0,40.0,92.82,LightGBM Regressor,Home Décor,2453.12
SKU-071,2026-08-09,5,79.6,99.0,46.81,105.87,LightGBM Regressor,Home Décor,2453.12
SKU-071,2026-08-16,6,79.31,101.0,43.39,108.08,LightGBM Regressor,Home Décor,2453.12
SKU-072,2026-07-12,1,20.12,29.0,5.45,31.86,LightGBM Regressor,Small Appliances,9920.36
SKU-072,2026-07-19,2,19.73,20.0,0.0,36.35,LightGBM Regressor,Small Appliances,9920.36
SKU-072,2026-07-26,3,19.68,22.0,0.0,40.03,LightGBM Regressor,Small Appliances,9920.36
SKU-072,2026-08-02,4,18.68,7.0,0.0,42.17,LightGBM Regressor,Small Appliances,9920.36
SKU-072,2026-08-09,5,19.97,29.0,0.0,46.23,LightGBM Regressor,Small Appliances,9920.36
SKU-072,2026-08-16,6,18.96,20.0,0.0,47.74,LightGBM Regressor,Small Appliances,9920.36
SKU-073,2026-07-12,1,177.34,215.0,162.68,189.09,LightGBM Regressor,Bedding & Bath,4949.97
SKU-073,2026-07-19,2,176.44,172.0,155.7,193.05,LightGBM Regressor,Bedding & Bath,4949.97
SKU-073,2026-07-26,3,172.34,203.0,146.94,192.69,LightGBM Regressor,Bedding & Bath,4949.97
SKU-073,2026-08-02,4,168.84,54.0,139.51,192.33,LightGBM Regressor,Bedding & Bath,4949.97
SKU-073,2026-08-09,5,170.18,215.0,137.39,196.45,LightGBM Regressor,Bedding & Bath,4949.97
SKU-073,2026-08-16,6,170.99,172.0,135.07,199.76,LightGBM Regressor,Bedding & Bath,4949.97
SKU-074,2026-07-12,1,76.84,89.0,62.17,88.59,LightGBM Regressor,Kitchen & Dining,5198.51
SKU-074,2026-07-19,2,76.1,97.0,55.36,92.71,LightGBM Regressor,Kitchen & Dining,5198.51
SKU-074,2026-07-26,3,68.92,76.0,43.52,89.26,LightGBM Regressor,Kitchen & Dining,5198.51
SKU-074,2026-08-02,4,68.17,31.0,38.84,91.66,LightGBM Regressor,Kitchen & Dining,5198.51
SKU-074,2026-08-09,5,74.87,89.0,42.08,101.14,LightGBM Regressor,Kitchen & Dining,5198.51
SKU-074,2026-08-16,6,73.7,97.0,37.79,102.48,LightGBM Regressor,Kitchen & Dining,5198.51
SKU-075,2026-07-12,1,6.58,10.0,0.0,18.33,LightGBM Regressor,Furnishings,53615.23
SKU-075,2026-07-19,2,5.89,5.0,0.0,22.51,LightGBM Regressor,Furnishings,53615.23
SKU-075,2026-07-26,3,5.89,7.0,0.0,26.24,LightGBM Regressor,Furnishings,53615.23
SKU-075,2026-08-02,4,6.68,2.0,0.0,30.18,LightGBM Regressor,Furnishings,53615.23
SKU-075,2026-08-09,5,6.44,10.0,0.0,32.71,LightGBM Regressor,Furnishings,53615.23
SKU-075,2026-08-16,6,5.51,5.0,0.0,34.29,LightGBM Regressor,Furnishings,53615.23
SKU-076,2026-07-12,1,65.17,81.0,50.5,76.92,LightGBM Regressor,Home Décor,2319.84
SKU-076,2026-07-19,2,64.37,83.0,43.63,80.99,LightGBM Regressor,Home Décor,2319.84
SKU-076,2026-07-26,3,64.04,84.0,38.64,84.39,LightGBM Regressor,Home Décor,2319.84
SKU-076,2026-08-02,4,58.83,25.0,29.5,82.32,LightGBM Regressor,Home Décor,2319.84
SKU-076,2026-08-09,5,65.22,81.0,32.43,91.49,LightGBM Regressor,Home Décor,2319.84
SKU-076,2026-08-16,6,63.71,83.0,27.79,92.48,LightGBM Regressor,Home Décor,2319.84
SKU-077,2026-07-12,1,44.1,51.0,29.43,55.84,LightGBM Regressor,Small Appliances,11644.75
SKU-077,2026-07-19,2,43.1,38.0,22.37,59.72,LightGBM Regressor,Small Appliances,11644.75
SKU-077,2026-07-26,3,43.12,58.0,17.72,63.46,LightGBM Regressor,Small Appliances,11644.75
SKU-077,2026-08-02,4,41.85,21.0,12.52,65.34,LightGBM Regressor,Small Appliances,11644.75
SKU-077,2026-08-09,5,44.85,51.0,12.06,71.12,LightGBM Regressor,Small Appliances,11644.75
SKU-077,2026-08-16,6,43.34,38.0,7.42,72.12,LightGBM Regressor,Small Appliances,11644.75
SKU-078,2026-07-12,1,114.47,133.0,99.81,126.22,LightGBM Regressor,Bedding & Bath,6310.22
SKU-078,2026-07-19,2,112.5,149.0,91.76,129.11,LightGBM Regressor,Bedding & Bath,6310.22
SKU-078,2026-07-26,3,114.08,124.0,88.68,134.42,LightGBM Regressor,Bedding & Bath,6310.22
SKU-078,2026-08-02,4,113.08,41.0,83.75,136.57,LightGBM Regressor,Bedding & Bath,6310.22
SKU-078,2026-08-09,5,116.5,133.0,83.71,142.77,LightGBM Regressor,Bedding & Bath,6310.22
SKU-078,2026-08-16,6,113.48,149.0,77.57,142.26,LightGBM Regressor,Bedding & Bath,6310.22
SKU-079,2026-07-12,1,145.05,170.0,130.38,156.8,LightGBM Regressor,Kitchen & Dining,6100.47
SKU-079,2026-07-19,2,146.06,169.0,125.32,162.67,LightGBM Regressor,Kitchen & Dining,6100.47
SKU-079,2026-07-26,3,137.48,182.0,112.08,157.83,LightGBM Regressor,Kitchen & Dining,6100.47
SKU-079,2026-08-02,4,129.81,39.0,100.49,153.31,LightGBM Regressor,Kitchen & Dining,6100.47
SKU-079,2026-08-09,5,142.94,170.0,110.15,169.21,LightGBM Regressor,Kitchen & Dining,6100.47
SKU-079,2026-08-16,6,141.69,169.0,105.77,170.46,LightGBM Regressor,Kitchen & Dining,6100.47
SKU-080,2026-07-12,1,6.93,9.0,0.0,18.68,LightGBM Regressor,Furnishings,36792.0
SKU-080,2026-07-19,2,6.92,6.0,0.0,23.53,LightGBM Regressor,Furnishings,36792.0
SKU-080,2026-07-26,3,7.03,8.0,0.0,27.38,LightGBM Regressor,Furnishings,36792.0
SKU-080,2026-08-02,4,6.71,1.0,0.0,30.2,LightGBM Regressor,Furnishings,36792.0
SKU-080,2026-08-09,5,6.82,9.0,0.0,33.09,LightGBM Regressor,Furnishings,36792.0
SKU-080,2026-08-16,6,6.65,6.0,0.0,35.43,LightGBM Regressor,Furnishings,36792.0
SKU-081,2026-07-12,1,86.12,124.0,71.46,97.87,LightGBM Regressor,Home Décor,3983.64
SKU-081,2026-07-19,2,74.76,96.0,54.02,91.37,LightGBM Regressor,Home Décor,3983.64
SKU-081,2026-07-26,3,68.91,77.0,43.51,89.26,LightGBM Regressor,Home Décor,3983.64
SKU-081,2026-08-02,4,67.16,25.0,37.83,90.66,LightGBM Regressor,Home Décor,3983.64
SKU-081,2026-08-09,5,80.26,124.0,47.47,106.53,LightGBM Regressor,Home Décor,3983.64
SKU-081,2026-08-16,6,78.02,96.0,42.1,106.8,LightGBM Regressor,Home Décor,3983.64
SKU-082,2026-07-12,1,19.39,22.0,4.73,31.14,LightGBM Regressor,Small Appliances,12129.26
SKU-082,2026-07-19,2,17.93,21.0,0.0,34.54,LightGBM Regressor,Small Appliances,12129.26
SKU-082,2026-07-26,3,18.42,16.0,0.0,38.77,LightGBM Regressor,Small Appliances,12129.26
SKU-082,2026-08-02,4,19.46,9.0,0.0,42.95,LightGBM Regressor,Small Appliances,12129.26
SKU-082,2026-08-09,5,19.07,22.0,0.0,45.34,LightGBM Regressor,Small Appliances,12129.26
SKU-082,2026-08-16,6,18.47,21.0,0.0,47.25,LightGBM Regressor,Small Appliances,12129.26
SKU-083,2026-07-12,1,85.82,84.0,71.15,97.56,LightGBM Regressor,Bedding & Bath,3052.95
SKU-083,2026-07-19,2,86.98,95.0,66.24,103.59,LightGBM Regressor,Bedding & Bath,3052.95
SKU-083,2026-07-26,3,86.35,111.0,60.96,106.7,LightGBM Regressor,Bedding & Bath,3052.95
SKU-083,2026-08-02,4,76.04,23.0,46.71,99.53,LightGBM Regressor,Bedding & Bath,3052.95
SKU-083,2026-08-09,5,81.98,84.0,49.19,108.25,LightGBM Regressor,Bedding & Bath,3052.95
SKU-083,2026-08-16,6,79.61,95.0,43.69,108.38,LightGBM Regressor,Bedding & Bath,3052.95
SKU-084,2026-07-12,1,63.17,73.0,48.5,74.92,LightGBM Regressor,Kitchen & Dining,6857.26
SKU-084,2026-07-19,2,57.09,69.0,36.36,73.71,LightGBM Regressor,Kitchen & Dining,6857.26
SKU-084,2026-07-26,3,56.45,71.0,31.05,76.79,LightGBM Regressor,Kitchen & Dining,6857.26
SKU-084,2026-08-02,4,53.55,17.0,24.22,77.04,LightGBM Regressor,Kitchen & Dining,6857.26
SKU-084,2026-08-09,5,61.23,73.0,28.44,87.49,LightGBM Regressor,Kitchen & Dining,6857.26
SKU-084,2026-08-16,6,59.21,69.0,23.29,87.99,LightGBM Regressor,Kitchen & Dining,6857.26
SKU-085,2026-07-12,1,18.64,21.0,3.98,30.39,LightGBM Regressor,Furnishings,15448.85
SKU-085,2026-07-19,2,17.67,23.0,0.0,34.28,LightGBM Regressor,Furnishings,15448.85
SKU-085,2026-07-26,3,16.31,17.0,0.0,36.66,LightGBM Regressor,Furnishings,15448.85
SKU-085,2026-08-02,4,17.27,4.0,0.0,40.77,LightGBM Regressor,Furnishings,15448.85
SKU-085,2026-08-09,5,16.82,21.0,0.0,43.09,LightGBM Regressor,Furnishings,15448.85
SKU-085,2026-08-16,6,15.81,23.0,0.0,44.59,LightGBM Regressor,Furnishings,15448.85
SKU-086,2026-07-12,1,47.96,67.0,33.29,59.71,LightGBM Regressor,Home Décor,6631.64
SKU-086,2026-07-19,2,45.46,51.0,24.72,62.07,LightGBM Regressor,Home Décor,6631.64
SKU-086,2026-07-26,3,42.65,52.0,17.25,63.0,LightGBM Regressor,Home Décor,6631.64
SKU-086,2026-08-02,4,42.55,13.0,13.22,66.04,LightGBM Regressor,Home Décor,6631.64
SKU-086,2026-08-09,5,47.15,67.0,14.36,73.42,LightGBM Regressor,Home Décor,6631.64
SKU-086,2026-08-16,6,44.16,51.0,8.24,72.93,LightGBM Regressor,Home Décor,6631.64
SKU-087,2026-07-12,1,9.67,10.0,0.0,21.42,LightGBM Regressor,Small Appliances,4322.55
SKU-087,2026-07-19,2,10.6,14.0,0.0,27.21,LightGBM Regressor,Small Appliances,4322.55
SKU-087,2026-07-26,3,10.39,5.0,0.0,30.74,LightGBM Regressor,Small Appliances,4322.55
SKU-087,2026-08-02,4,9.97,2.0,0.0,33.47,LightGBM Regressor,Small Appliances,4322.55
SKU-087,2026-08-09,5,9.48,10.0,0.0,35.75,LightGBM Regressor,Small Appliances,4322.55
SKU-087,2026-08-16,6,10.04,14.0,0.0,38.82,LightGBM Regressor,Small Appliances,4322.55
SKU-088,2026-07-12,1,91.83,107.0,77.17,103.58,LightGBM Regressor,Bedding & Bath,2498.1
SKU-088,2026-07-19,2,90.59,116.0,69.86,107.21,LightGBM Regressor,Bedding & Bath,2498.1
SKU-088,2026-07-26,3,76.44,97.0,51.04,96.79,LightGBM Regressor,Bedding & Bath,2498.1
SKU-088,2026-08-02,4,73.24,25.0,43.92,96.74,LightGBM Regressor,Bedding & Bath,2498.1
SKU-088,2026-08-09,5,83.06,107.0,50.27,109.32,LightGBM Regressor,Bedding & Bath,2498.1
SKU-088,2026-08-16,6,82.52,116.0,46.6,111.3,LightGBM Regressor,Bedding & Bath,2498.1
SKU-089,2026-07-12,1,106.69,113.0,92.03,118.44,LightGBM Regressor,Kitchen & Dining,7831.41
SKU-089,2026-07-19,2,107.9,97.0,87.16,124.51,LightGBM Regressor,Kitchen & Dining,7831.41
SKU-089,2026-07-26,3,107.91,131.0,82.51,128.25,LightGBM Regressor,Kitchen & Dining,7831.41
SKU-089,2026-08-02,4,99.19,39.0,69.86,122.68,LightGBM Regressor,Kitchen & Dining,7831.41
SKU-089,2026-08-09,5,102.5,113.0,69.71,128.77,LightGBM Regressor,Kitchen & Dining,7831.41
SKU-089,2026-08-16,6,101.23,97.0,65.32,130.01,LightGBM Regressor,Kitchen & Dining,7831.41
SKU-090,2026-07-12,1,14.9,18.0,0.24,26.65,LightGBM Regressor,Furnishings,45738.11
SKU-090,2026-07-19,2,15.76,18.0,0.0,32.37,LightGBM Regressor,Furnishings,45738.11
SKU-090,2026-07-26,3,14.57,18.0,0.0,34.92,LightGBM Regressor,Furnishings,45738.11
SKU-090,2026-08-02,4,14.8,6.0,0.0,38.3,LightGBM Regressor,Furnishings,45738.11
SKU-090,2026-08-09,5,14.93,18.0,0.0,41.2,LightGBM Regressor,Furnishings,45738.11
SKU-090,2026-08-16,6,14.78,18.0,0.0,43.56,LightGBM Regressor,Furnishings,45738.11
SKU-091,2026-07-12,1,41.68,37.0,27.01,53.43,LightGBM Regressor,Home Décor,5714.2
SKU-091,2026-07-19,2,41.13,33.0,20.4,57.75,LightGBM Regressor,Home Décor,5714.2
SKU-091,2026-07-26,3,40.52,63.0,15.12,60.87,LightGBM Regressor,Home Décor,5714.2
SKU-091,2026-08-02,4,38.92,15.0,9.59,62.41,LightGBM Regressor,Home Décor,5714.2
SKU-091,2026-08-09,5,38.37,37.0,5.58,64.64,LightGBM Regressor,Home Décor,5714.2
SKU-091,2026-08-16,6,39.55,33.0,3.64,68.33,LightGBM Regressor,Home Décor,5714.2
SKU-092,2026-07-12,1,38.13,38.0,23.47,49.88,LightGBM Regressor,Small Appliances,14614.5
SKU-092,2026-07-19,2,36.99,45.0,16.25,53.61,LightGBM Regressor,Small Appliances,14614.5
SKU-092,2026-07-26,3,35.84,49.0,10.44,56.19,LightGBM Regressor,Small Appliances,14614.5
SKU-092,2026-08-02,4,31.76,13.0,2.43,55.25,LightGBM Regressor,Small Appliances,14614.5
SKU-092,2026-08-09,5,38.81,38.0,6.02,65.08,LightGBM Regressor,Small Appliances,14614.5
SKU-092,2026-08-16,6,38.92,45.0,3.0,67.69,LightGBM Regressor,Small Appliances,14614.5
SKU-093,2026-07-12,1,124.94,150.0,110.28,136.69,LightGBM Regressor,Bedding & Bath,2576.27
SKU-093,2026-07-19,2,118.15,141.0,97.41,134.76,LightGBM Regressor,Bedding & Bath,2576.27
SKU-093,2026-07-26,3,117.13,151.0,91.73,137.48,LightGBM Regressor,Bedding & Bath,2576.27
SKU-093,2026-08-02,4,114.66,32.0,85.33,138.16,LightGBM Regressor,Bedding & Bath,2576.27
SKU-093,2026-08-09,5,122.34,150.0,89.55,148.61,LightGBM Regressor,Bedding & Bath,2576.27
SKU-093,2026-08-16,6,119.51,141.0,83.59,148.29,LightGBM Regressor,Bedding & Bath,2576.27
SKU-094,2026-07-12,1,104.17,119.0,89.5,115.91,LightGBM Regressor,Kitchen & Dining,7053.6
SKU-094,2026-07-19,2,104.66,122.0,83.92,121.27,LightGBM Regressor,Kitchen & Dining,7053.6
SKU-094,2026-07-26,3,101.97,128.0,76.57,122.31,LightGBM Regressor,Kitchen & Dining,7053.6
SKU-094,2026-08-02,4,98.81,26.0,69.49,122.31,LightGBM Regressor,Kitchen & Dining,7053.6
SKU-094,2026-08-09,5,104.33,119.0,71.54,130.6,LightGBM Regressor,Kitchen & Dining,7053.6
SKU-094,2026-08-16,6,101.78,122.0,65.86,130.55,LightGBM Regressor,Kitchen & Dining,7053.6
SKU-095,2026-07-12,1,9.88,11.0,0.0,21.63,LightGBM Regressor,Furnishings,24245.14
SKU-095,2026-07-19,2,8.75,11.0,0.0,25.37,LightGBM Regressor,Furnishings,24245.14
SKU-095,2026-07-26,3,9.43,11.0,0.0,29.78,LightGBM Regressor,Furnishings,24245.14
SKU-095,2026-08-02,4,8.08,1.0,0.0,31.58,LightGBM Regressor,Furnishings,24245.14
SKU-095,2026-08-09,5,9.42,11.0,0.0,35.69,LightGBM Regressor,Furnishings,24245.14
SKU-095,2026-08-16,6,9.05,11.0,0.0,37.83,LightGBM Regressor,Furnishings,24245.14
SKU-096,2026-07-12,1,78.14,108.0,63.47,89.88,LightGBM Regressor,Home Décor,1104.97
SKU-096,2026-07-19,2,67.21,91.0,46.48,83.83,LightGBM Regressor,Home Décor,1104.97
SKU-096,2026-07-26,3,64.13,84.0,38.73,84.48,LightGBM Regressor,Home Décor,1104.97
SKU-096,2026-08-02,4,62.92,22.0,33.6,86.42,LightGBM Regressor,Home Décor,1104.97
SKU-096,2026-08-09,5,72.63,108.0,39.84,98.9,LightGBM Regressor,Home Décor,1104.97
SKU-096,2026-08-16,6,69.8,91.0,33.88,98.58,LightGBM Regressor,Home Décor,1104.97
SKU-097,2026-07-12,1,39.98,49.0,25.31,51.72,LightGBM Regressor,Small Appliances,15925.5
SKU-097,2026-07-19,2,39.24,34.0,18.51,55.86,LightGBM Regressor,Small Appliances,15925.5
SKU-097,2026-07-26,3,38.07,47.0,12.67,58.42,LightGBM Regressor,Small Appliances,15925.5
SKU-097,2026-08-02,4,35.34,17.0,6.01,58.84,LightGBM Regressor,Small Appliances,15925.5
SKU-097,2026-08-09,5,38.81,49.0,6.02,65.08,LightGBM Regressor,Small Appliances,15925.5
SKU-097,2026-08-16,6,38.1,34.0,2.18,66.88,LightGBM Regressor,Small Appliances,15925.5
SKU-098,2026-07-12,1,165.7,190.0,151.03,177.44,LightGBM Regressor,Bedding & Bath,5186.43
SKU-098,2026-07-19,2,167.31,189.0,146.58,183.93,LightGBM Regressor,Bedding & Bath,5186.43
SKU-098,2026-07-26,3,152.88,178.0,127.48,173.22,LightGBM Regressor,Bedding & Bath,5186.43
SKU-098,2026-08-02,4,146.08,53.0,116.76,169.58,LightGBM Regressor,Bedding & Bath,5186.43
SKU-098,2026-08-09,5,157.58,190.0,124.79,183.85,LightGBM Regressor,Bedding & Bath,5186.43
SKU-098,2026-08-16,6,156.82,189.0,120.9,185.59,LightGBM Regressor,Bedding & Bath,5186.43
SKU-099,2026-07-12,1,148.43,166.0,133.77,160.18,LightGBM Regressor,Kitchen & Dining,7371.9
SKU-099,2026-07-19,2,152.04,179.0,131.3,168.66,LightGBM Regressor,Kitchen & Dining,7371.9
SKU-099,2026-07-26,3,141.38,185.0,115.98,161.73,LightGBM Regressor,Kitchen & Dining,7371.9
SKU-099,2026-08-02,4,131.19,38.0,101.87,154.69,LightGBM Regressor,Kitchen & Dining,7371.9
SKU-099,2026-08-09,5,147.04,166.0,114.25,173.31,LightGBM Regressor,Kitchen & Dining,7371.9
SKU-099,2026-08-16,6,140.36,179.0,104.44,169.14,LightGBM Regressor,Kitchen & Dining,7371.9
SKU-100,2026-07-12,1,22.72,25.0,8.06,34.47,LightGBM Regressor,Furnishings,39737.42
SKU-100,2026-07-19,2,22.07,23.0,1.33,38.68,LightGBM Regressor,Furnishings,39737.42
SKU-100,2026-07-26,3,21.97,21.0,0.0,42.31,LightGBM Regressor,Furnishings,39737.42
SKU-100,2026-08-02,4,21.61,10.0,0.0,45.1,LightGBM Regressor,Furnishings,39737.42
SKU-100,2026-08-09,5,20.61,25.0,0.0,46.88,LightGBM Regressor,Furnishings,39737.42
SKU-100,2026-08-16,6,20.77,23.0,0.0,49.55,LightGBM Regressor,Furnishings,39737.42
SKU-101,2026-07-12,1,29.04,36.0,14.38,40.79,LightGBM Regressor,Home Décor,4675.54
SKU-101,2026-07-19,2,28.1,38.0,7.37,44.72,LightGBM Regressor,Home Décor,4675.54
SKU-101,2026-07-26,3,27.84,33.0,2.45,48.19,LightGBM Regressor,Home Décor,4675.54
SKU-101,2026-08-02,4,25.15,6.0,0.0,48.64,LightGBM Regressor,Home Décor,4675.54
SKU-101,2026-08-09,5,28.15,36.0,0.0,54.42,LightGBM Regressor,Home Décor,4675.54
SKU-101,2026-08-16,6,27.47,38.0,0.0,56.25,LightGBM Regressor,Home Décor,4675.54
SKU-102,2026-07-12,1,44.01,42.0,29.34,55.76,LightGBM Regressor,Small Appliances,10708.83
SKU-102,2026-07-19,2,41.78,59.0,21.05,58.4,LightGBM Regressor,Small Appliances,10708.83
SKU-102,2026-07-26,3,41.29,41.0,15.89,61.63,LightGBM Regressor,Small Appliances,10708.83
SKU-102,2026-08-02,4,38.57,13.0,9.25,62.07,LightGBM Regressor,Small Appliances,10708.83
SKU-102,2026-08-09,5,38.71,42.0,5.92,64.98,LightGBM Regressor,Small Appliances,10708.83
SKU-102,2026-08-16,6,40.88,59.0,4.96,69.66,LightGBM Regressor,Small Appliances,10708.83
SKU-103,2026-07-12,1,97.18,110.0,82.51,108.93,LightGBM Regressor,Bedding & Bath,3207.62
SKU-103,2026-07-19,2,94.67,109.0,73.93,111.28,LightGBM Regressor,Bedding & Bath,3207.62
SKU-103,2026-07-26,3,85.32,104.0,59.92,105.67,LightGBM Regressor,Bedding & Bath,3207.62
SKU-103,2026-08-02,4,80.99,22.0,51.66,104.48,LightGBM Regressor,Bedding & Bath,3207.62
SKU-103,2026-08-09,5,87.7,110.0,54.91,113.97,LightGBM Regressor,Bedding & Bath,3207.62
SKU-103,2026-08-16,6,86.67,109.0,50.75,115.45,LightGBM Regressor,Bedding & Bath,3207.62
SKU-104,2026-07-12,1,50.02,70.0,35.35,61.77,LightGBM Regressor,Kitchen & Dining,3380.92
SKU-104,2026-07-19,2,47.25,59.0,26.51,63.86,LightGBM Regressor,Kitchen & Dining,3380.92
SKU-104,2026-07-26,3,44.75,41.0,19.35,65.09,LightGBM Regressor,Kitchen & Dining,3380.92
SKU-104,2026-08-02,4,44.13,18.0,14.81,67.63,LightGBM Regressor,Kitchen & Dining,3380.92
SKU-104,2026-08-09,5,47.14,70.0,14.35,73.41,LightGBM Regressor,Kitchen & Dining,3380.92
SKU-104,2026-08-16,6,45.7,59.0,9.79,74.48,LightGBM Regressor,Kitchen & Dining,3380.92
SKU-105,2026-07-12,1,24.95,24.0,10.29,36.7,LightGBM Regressor,Furnishings,38250.63
SKU-105,2026-07-19,2,27.07,31.0,6.33,43.68,LightGBM Regressor,Furnishings,38250.63
SKU-105,2026-07-26,3,24.46,32.0,0.0,44.8,LightGBM Regressor,Furnishings,38250.63
SKU-105,2026-08-02,4,23.4,7.0,0.0,46.9,LightGBM Regressor,Furnishings,38250.63
SKU-105,2026-08-09,5,25.42,24.0,0.0,51.69,LightGBM Regressor,Furnishings,38250.63
SKU-105,2026-08-16,6,25.52,31.0,0.0,54.3,LightGBM Regressor,Furnishings,38250.63
SKU-106,2026-07-12,1,49.39,64.0,34.73,61.14,LightGBM Regressor,Home Décor,4582.09
SKU-106,2026-07-19,2,48.27,58.0,27.53,64.88,LightGBM Regressor,Home Décor,4582.09
SKU-106,2026-07-26,3,42.38,49.0,16.99,62.73,LightGBM Regressor,Home Décor,4582.09
SKU-106,2026-08-02,4,42.91,13.0,13.58,66.41,LightGBM Regressor,Home Décor,4582.09
SKU-106,2026-08-09,5,48.6,64.0,15.81,74.87,LightGBM Regressor,Home Décor,4582.09
SKU-106,2026-08-16,6,45.75,58.0,9.83,74.52,LightGBM Regressor,Home Décor,4582.09
SKU-107,2026-07-12,1,50.64,60.0,35.98,62.39,LightGBM Regressor,Small Appliances,12023.05
SKU-107,2026-07-19,2,49.31,61.0,28.58,65.93,LightGBM Regressor,Small Appliances,12023.05
SKU-107,2026-07-26,3,47.95,65.0,22.55,68.29,LightGBM Regressor,Small Appliances,12023.05
SKU-107,2026-08-02,4,44.22,14.0,14.89,67.71,LightGBM Regressor,Small Appliances,12023.05
SKU-107,2026-08-09,5,47.77,60.0,14.98,74.04,LightGBM Regressor,Small Appliances,12023.05
SKU-107,2026-08-16,6,48.29,61.0,12.37,77.07,LightGBM Regressor,Small Appliances,12023.05
SKU-108,2026-07-12,1,51.45,56.0,36.79,63.2,LightGBM Regressor,Bedding & Bath,5287.42
SKU-108,2026-07-19,2,53.98,60.0,33.24,70.59,LightGBM Regressor,Bedding & Bath,5287.42
SKU-108,2026-07-26,3,51.44,70.0,26.04,71.78,LightGBM Regressor,Bedding & Bath,5287.42
SKU-108,2026-08-02,4,50.37,15.0,21.05,73.87,LightGBM Regressor,Bedding & Bath,5287.42
SKU-108,2026-08-09,5,51.13,56.0,18.34,77.4,LightGBM Regressor,Bedding & Bath,5287.42
SKU-108,2026-08-16,6,51.36,60.0,15.44,80.14,LightGBM Regressor,Bedding & Bath,5287.42
SKU-109,2026-07-12,1,71.12,88.0,56.46,82.87,LightGBM Regressor,Kitchen & Dining,4575.03
SKU-109,2026-07-19,2,68.21,96.0,47.48,84.83,LightGBM Regressor,Kitchen & Dining,4575.03
SKU-109,2026-07-26,3,63.45,78.0,38.05,83.8,LightGBM Regressor,Kitchen & Dining,4575.03
SKU-109,2026-08-02,4,62.77,27.0,33.44,86.27,LightGBM Regressor,Kitchen & Dining,4575.03
SKU-109,2026-08-09,5,69.89,88.0,37.1,96.16,LightGBM Regressor,Kitchen & Dining,4575.03
SKU-109,2026-08-16,6,68.3,96.0,32.38,97.08,LightGBM Regressor,Kitchen & Dining,4575.03
SKU-110,2026-07-12,1,19.95,22.0,5.29,31.7,LightGBM Regressor,Furnishings,19553.07
SKU-110,2026-07-19,2,19.25,21.0,0.0,35.87,LightGBM Regressor,Furnishings,19553.07
SKU-110,2026-07-26,3,20.63,24.0,0.0,40.98,LightGBM Regressor,Furnishings,19553.07
SKU-110,2026-08-02,4,20.15,11.0,0.0,43.64,LightGBM Regressor,Furnishings,19553.07
SKU-110,2026-08-09,5,20.1,22.0,0.0,46.37,LightGBM Regressor,Furnishings,19553.07
SKU-110,2026-08-16,6,19.48,21.0,0.0,48.26,LightGBM Regressor,Furnishings,19553.07
SKU-111,2026-07-12,1,63.65,79.0,48.98,75.4,LightGBM Regressor,Home Décor,3997.44
SKU-111,2026-07-19,2,61.44,82.0,40.71,78.06,LightGBM Regressor,Home Décor,3997.44
SKU-111,2026-07-26,3,59.21,86.0,33.81,79.55,LightGBM Regressor,Home Décor,3997.44
SKU-111,2026-08-02,4,53.86,22.0,24.54,77.36,LightGBM Regressor,Home Décor,3997.44
SKU-111,2026-08-09,5,64.77,79.0,31.98,91.03,LightGBM Regressor,Home Décor,3997.44
SKU-111,2026-08-16,6,63.31,82.0,27.39,92.08,LightGBM Regressor,Home Décor,3997.44
SKU-112,2026-07-12,1,39.71,41.0,25.04,51.45,LightGBM Regressor,Small Appliances,14873.44
SKU-112,2026-07-19,2,39.82,41.0,19.08,56.43,LightGBM Regressor,Small Appliances,14873.44
SKU-112,2026-07-26,3,39.09,51.0,13.69,59.43,LightGBM Regressor,Small Appliances,14873.44
SKU-112,2026-08-02,4,36.91,12.0,7.59,60.41,LightGBM Regressor,Small Appliances,14873.44
SKU-112,2026-08-09,5,38.27,41.0,5.48,64.53,LightGBM Regressor,Small Appliances,14873.44
SKU-112,2026-08-16,6,38.82,41.0,2.9,67.59,LightGBM Regressor,Small Appliances,14873.44
SKU-113,2026-07-12,1,100.99,118.0,86.32,112.74,LightGBM Regressor,Bedding & Bath,3350.27
SKU-113,2026-07-19,2,99.72,107.0,78.98,116.33,LightGBM Regressor,Bedding & Bath,3350.27
SKU-113,2026-07-26,3,95.91,131.0,70.51,116.26,LightGBM Regressor,Bedding & Bath,3350.27
SKU-113,2026-08-02,4,85.22,16.0,55.89,108.72,LightGBM Regressor,Bedding & Bath,3350.27
SKU-113,2026-08-09,5,99.13,118.0,66.34,125.4,LightGBM Regressor,Bedding & Bath,3350.27
SKU-113,2026-08-16,6,95.46,107.0,59.54,124.23,LightGBM Regressor,Bedding & Bath,3350.27
SKU-114,2026-07-12,1,118.02,133.0,103.35,129.76,LightGBM Regressor,Kitchen & Dining,1997.54
SKU-114,2026-07-19,2,122.93,155.0,102.19,139.54,LightGBM Regressor,Kitchen & Dining,1997.54
SKU-114,2026-07-26,3,112.04,146.0,86.65,132.39,LightGBM Regressor,Kitchen & Dining,1997.54
SKU-114,2026-08-02,4,112.46,18.0,83.13,135.95,LightGBM Regressor,Kitchen & Dining,1997.54
SKU-114,2026-08-09,5,119.03,133.0,86.25,145.3,LightGBM Regressor,Kitchen & Dining,1997.54
SKU-114,2026-08-16,6,117.01,155.0,81.09,145.78,LightGBM Regressor,Kitchen & Dining,1997.54
SKU-115,2026-07-12,1,12.76,15.0,0.0,24.51,LightGBM Regressor,Furnishings,16814.88
SKU-115,2026-07-19,2,11.21,16.0,0.0,27.82,LightGBM Regressor,Furnishings,16814.88
SKU-115,2026-07-26,3,11.55,9.0,0.0,31.89,LightGBM Regressor,Furnishings,16814.88
SKU-115,2026-08-02,4,11.68,5.0,0.0,35.18,LightGBM Regressor,Furnishings,16814.88
SKU-115,2026-08-09,5,13.21,15.0,0.0,39.48,LightGBM Regressor,Furnishings,16814.88
SKU-115,2026-08-16,6,12.19,16.0,0.0,40.97,LightGBM Regressor,Furnishings,16814.88
SKU-116,2026-07-12,1,113.46,122.0,98.79,125.21,LightGBM Regressor,Home Décor,2632.75
SKU-116,2026-07-19,2,112.32,117.0,91.58,128.94,LightGBM Regressor,Home Décor,2632.75
SKU-116,2026-07-26,3,113.22,135.0,87.82,133.57,LightGBM Regressor,Home Décor,2632.75
SKU-116,2026-08-02,4,105.16,43.0,75.83,128.65,LightGBM Regressor,Home Décor,2632.75
SKU-116,2026-08-09,5,109.49,122.0,76.7,135.76,LightGBM Regressor,Home Décor,2632.75
SKU-116,2026-08-16,6,108.79,117.0,72.87,137.56,LightGBM Regressor,Home Décor,2632.75
SKU-117,2026-07-12,1,34.55,47.0,19.88,46.29,LightGBM Regressor,Small Appliances,8559.32
SKU-117,2026-07-19,2,31.36,38.0,10.62,47.98,LightGBM Regressor,Small Appliances,8559.32
SKU-117,2026-07-26,3,30.32,38.0,4.92,50.66,LightGBM Regressor,Small Appliances,8559.32
SKU-117,2026-08-02,4,30.23,11.0,0.91,53.73,LightGBM Regressor,Small Appliances,8559.32
SKU-117,2026-08-09,5,30.35,47.0,0.0,56.62,LightGBM Regressor,Small Appliances,8559.32
SKU-117,2026-08-16,6,28.9,38.0,0.0,57.68,LightGBM Regressor,Small Appliances,8559.32
SKU-118,2026-07-12,1,54.01,72.0,39.35,65.76,LightGBM Regressor,Bedding & Bath,4084.5
SKU-118,2026-07-19,2,52.01,47.0,31.28,68.63,LightGBM Regressor,Bedding & Bath,4084.5
SKU-118,2026-07-26,3,48.39,67.0,22.99,68.74,LightGBM Regressor,Bedding & Bath,4084.5
SKU-118,2026-08-02,4,48.45,15.0,19.12,71.94,LightGBM Regressor,Bedding & Bath,4084.5
SKU-118,2026-08-09,5,52.66,72.0,19.87,78.93,LightGBM Regressor,Bedding & Bath,4084.5
SKU-118,2026-08-16,6,48.76,47.0,12.84,77.53,LightGBM Regressor,Bedding & Bath,4084.5
SKU-119,2026-07-12,1,82.0,93.0,67.33,93.74,LightGBM Regressor,Kitchen & Dining,8739.46
SKU-119,2026-07-19,2,82.54,82.0,61.8,99.15,LightGBM Regressor,Kitchen & Dining,8739.46
SKU-119,2026-07-26,3,82.9,109.0,57.51,103.25,LightGBM Regressor,Kitchen & Dining,8739.46
SKU-119,2026-08-02,4,69.38,24.0,40.05,92.88,LightGBM Regressor,Kitchen & Dining,8739.46
SKU-119,2026-08-09,5,79.03,93.0,46.24,105.3,LightGBM Regressor,Kitchen & Dining,8739.46
SKU-119,2026-08-16,6,77.08,82.0,41.16,105.86,LightGBM Regressor,Kitchen & Dining,8739.46
SKU-120,2026-07-12,1,14.57,16.0,0.0,26.32,LightGBM Regressor,Furnishings,20080.74
SKU-120,2026-07-19,2,14.65,17.0,0.0,31.26,LightGBM Regressor,Furnishings,20080.74
SKU-120,2026-07-26,3,13.17,10.0,0.0,33.52,LightGBM Regressor,Furnishings,20080.74
SKU-120,2026-08-02,4,13.58,6.0,0.0,37.07,LightGBM Regressor,Furnishings,20080.74
SKU-120,2026-08-09,5,13.97,16.0,0.0,40.24,LightGBM Regressor,Furnishings,20080.74
SKU-120,2026-08-16,6,13.11,17.0,0.0,41.89,LightGBM Regressor,Furnishings,20080.74
SKU-121,2026-07-12,1,75.44,96.0,60.78,87.19,LightGBM Regressor,Home Décor,1284.69
SKU-121,2026-07-19,2,72.32,93.0,51.58,88.93,LightGBM Regressor,Home Décor,1284.69
SKU-121,2026-07-26,3,69.21,94.0,43.81,89.56,LightGBM Regressor,Home Décor,1284.69
SKU-121,2026-08-02,4,65.72,27.0,36.4,89.22,LightGBM Regressor,Home Décor,1284.69
SKU-121,2026-08-09,5,78.7,96.0,45.91,104.96,LightGBM Regressor,Home Décor,1284.69
SKU-121,2026-08-16,6,78.27,93.0,42.35,107.04,LightGBM Regressor,Home Décor,1284.69
SKU-122,2026-07-12,1,24.03,26.0,9.37,35.78,LightGBM Regressor,Small Appliances,4614.1
SKU-122,2026-07-19,2,23.25,32.0,2.52,39.87,LightGBM Regressor,Small Appliances,4614.1
SKU-122,2026-07-26,3,21.7,26.0,0.0,42.05,LightGBM Regressor,Small Appliances,4614.1
SKU-122,2026-08-02,4,21.46,7.0,0.0,44.96,LightGBM Regressor,Small Appliances,4614.1
SKU-122,2026-08-09,5,22.21,26.0,0.0,48.48,LightGBM Regressor,Small Appliances,4614.1
SKU-122,2026-08-16,6,22.16,32.0,0.0,50.94,LightGBM Regressor,Small Appliances,4614.1
SKU-123,2026-07-12,1,46.74,56.0,32.08,58.49,LightGBM Regressor,Bedding & Bath,8200.73
SKU-123,2026-07-19,2,45.04,61.0,24.3,61.65,LightGBM Regressor,Bedding & Bath,8200.73
SKU-123,2026-07-26,3,44.43,56.0,19.03,64.78,LightGBM Regressor,Bedding & Bath,8200.73
SKU-123,2026-08-02,4,41.72,11.0,12.4,65.22,LightGBM Regressor,Bedding & Bath,8200.73
SKU-123,2026-08-09,5,48.32,56.0,15.53,74.59,LightGBM Regressor,Bedding & Bath,8200.73
SKU-123,2026-08-16,6,44.51,61.0,8.59,73.29,LightGBM Regressor,Bedding & Bath,8200.73
SKU-124,2026-07-12,1,147.29,179.0,132.63,159.04,LightGBM Regressor,Kitchen & Dining,7547.21
SKU-124,2026-07-19,2,139.51,172.0,118.77,156.13,LightGBM Regressor,Kitchen & Dining,7547.21
SKU-124,2026-07-26,3,135.76,163.0,110.36,156.1,LightGBM Regressor,Kitchen & Dining,7547.21
SKU-124,2026-08-02,4,128.3,43.0,98.97,151.79,LightGBM Regressor,Kitchen & Dining,7547.21
SKU-124,2026-08-09,5,142.52,179.0,109.73,168.79,LightGBM Regressor,Kitchen & Dining,7547.21
SKU-124,2026-08-16,6,135.43,172.0,99.51,164.21,LightGBM Regressor,Kitchen & Dining,7547.21
SKU-125,2026-07-12,1,9.36,9.0,0.0,21.11,LightGBM Regressor,Furnishings,30923.18
SKU-125,2026-07-19,2,8.0,9.0,0.0,24.62,LightGBM Regressor,Furnishings,30923.18
SKU-125,2026-07-26,3,8.73,13.0,0.0,29.07,LightGBM Regressor,Furnishings,30923.18
SKU-125,2026-08-02,4,8.7,2.0,0.0,32.19,LightGBM Regressor,Furnishings,30923.18
SKU-125,2026-08-09,5,8.33,9.0,0.0,34.59,LightGBM Regressor,Furnishings,30923.18
SKU-125,2026-08-16,6,8.26,9.0,0.0,37.04,LightGBM Regressor,Furnishings,30923.18
SKU-126,2026-07-12,1,107.16,126.0,92.5,118.91,LightGBM Regressor,Home Décor,6056.21
SKU-126,2026-07-19,2,105.09,125.0,84.35,121.7,LightGBM Regressor,Home Décor,6056.21
SKU-126,2026-07-26,3,101.59,122.0,76.19,121.93,LightGBM Regressor,Home Décor,6056.21
SKU-126,2026-08-02,4,95.88,21.0,66.55,119.38,LightGBM Regressor,Home Décor,6056.21
SKU-126,2026-08-09,5,104.63,126.0,71.84,130.9,LightGBM Regressor,Home Décor,6056.21
SKU-126,2026-08-16,6,101.01,125.0,65.09,129.79,LightGBM Regressor,Home Décor,6056.21
SKU-127,2026-07-12,1,38.97,29.0,24.31,50.72,LightGBM Regressor,Small Appliances,5631.81
SKU-127,2026-07-19,2,37.19,49.0,16.46,53.81,LightGBM Regressor,Small Appliances,5631.81
SKU-127,2026-07-26,3,38.15,43.0,12.75,58.5,LightGBM Regressor,Small Appliances,5631.81
SKU-127,2026-08-02,4,35.31,18.0,5.98,58.8,LightGBM Regressor,Small Appliances,5631.81
SKU-127,2026-08-09,5,37.23,29.0,4.45,63.5,LightGBM Regressor,Small Appliances,5631.81
SKU-127,2026-08-16,6,38.67,49.0,2.75,67.45,LightGBM Regressor,Small Appliances,5631.81
SKU-128,2026-07-12,1,95.83,107.0,81.16,107.57,LightGBM Regressor,Bedding & Bath,2916.42
SKU-128,2026-07-19,2,94.99,114.0,74.25,111.61,LightGBM Regressor,Bedding & Bath,2916.42
SKU-128,2026-07-26,3,94.36,119.0,68.97,114.71,LightGBM Regressor,Bedding & Bath,2916.42
SKU-128,2026-08-02,4,81.69,22.0,52.36,105.19,LightGBM Regressor,Bedding & Bath,2916.42
SKU-128,2026-08-09,5,91.93,107.0,59.14,118.2,LightGBM Regressor,Bedding & Bath,2916.42
SKU-128,2026-08-16,6,92.85,114.0,56.93,121.62,LightGBM Regressor,Bedding & Bath,2916.42
SKU-129,2026-07-12,1,73.41,75.0,58.75,85.16,LightGBM Regressor,Kitchen & Dining,1953.06
SKU-129,2026-07-19,2,73.3,92.0,52.56,89.91,LightGBM Regressor,Kitchen & Dining,1953.06
SKU-129,2026-07-26,3,69.46,95.0,44.06,89.81,LightGBM Regressor,Kitchen & Dining,1953.06
SKU-129,2026-08-02,4,66.02,28.0,36.69,89.51,LightGBM Regressor,Kitchen & Dining,1953.06
SKU-129,2026-08-09,5,77.86,75.0,45.07,104.13,LightGBM Regressor,Kitchen & Dining,1953.06
SKU-129,2026-08-16,6,77.96,92.0,42.04,106.74,LightGBM Regressor,Kitchen & Dining,1953.06
SKU-130,2026-07-12,1,18.89,16.0,4.23,30.64,LightGBM Regressor,Furnishings,11084.66
SKU-130,2026-07-19,2,18.98,21.0,0.0,35.59,LightGBM Regressor,Furnishings,11084.66
SKU-130,2026-07-26,3,18.99,29.0,0.0,39.33,LightGBM Regressor,Furnishings,11084.66
SKU-130,2026-08-02,4,18.33,6.0,0.0,41.82,LightGBM Regressor,Furnishings,11084.66
SKU-130,2026-08-09,5,19.16,16.0,0.0,45.42,LightGBM Regressor,Furnishings,11084.66
SKU-130,2026-08-16,6,19.45,21.0,0.0,48.22,LightGBM Regressor,Furnishings,11084.66
SKU-131,2026-07-12,1,51.84,60.0,37.17,63.59,LightGBM Regressor,Home Décor,3398.16
SKU-131,2026-07-19,2,49.85,68.0,29.11,66.46,LightGBM Regressor,Home Décor,3398.16
SKU-131,2026-07-26,3,49.45,65.0,24.05,69.8,LightGBM Regressor,Home Décor,3398.16
SKU-131,2026-08-02,4,46.23,13.0,16.9,69.73,LightGBM Regressor,Home Décor,3398.16
SKU-131,2026-08-09,5,51.8,60.0,19.01,78.07,LightGBM Regressor,Home Décor,3398.16
SKU-131,2026-08-16,6,49.32,68.0,13.4,78.1,LightGBM Regressor,Home Décor,3398.16
SKU-132,2026-07-12,1,30.76,46.0,16.1,42.51,LightGBM Regressor,Small Appliances,14834.55
SKU-132,2026-07-19,2,29.41,31.0,8.67,46.02,LightGBM Regressor,Small Appliances,14834.55
SKU-132,2026-07-26,3,29.42,37.0,4.02,49.77,LightGBM Regressor,Small Appliances,14834.55
SKU-132,2026-08-02,4,28.84,11.0,0.0,52.34,LightGBM Regressor,Small Appliances,14834.55
SKU-132,2026-08-09,5,29.75,46.0,0.0,56.02,LightGBM Regressor,Small Appliances,14834.55
SKU-132,2026-08-16,6,27.68,31.0,0.0,56.46,LightGBM Regressor,Small Appliances,14834.55
SKU-133,2026-07-12,1,125.61,146.0,110.94,137.35,LightGBM Regressor,Bedding & Bath,5002.43
SKU-133,2026-07-19,2,119.24,148.0,98.5,135.85,LightGBM Regressor,Bedding & Bath,5002.43
SKU-133,2026-07-26,3,116.72,135.0,91.32,137.07,LightGBM Regressor,Bedding & Bath,5002.43
SKU-133,2026-08-02,4,115.33,40.0,86.0,138.83,LightGBM Regressor,Bedding & Bath,5002.43
SKU-133,2026-08-09,5,121.76,146.0,88.97,148.03,LightGBM Regressor,Bedding & Bath,5002.43
SKU-133,2026-08-16,6,122.29,148.0,86.37,151.07,LightGBM Regressor,Bedding & Bath,5002.43
SKU-134,2026-07-12,1,142.25,168.0,127.59,154.0,LightGBM Regressor,Kitchen & Dining,8608.93
SKU-134,2026-07-19,2,135.88,175.0,115.14,152.49,LightGBM Regressor,Kitchen & Dining,8608.93
SKU-134,2026-07-26,3,130.62,152.0,105.23,150.97,LightGBM Regressor,Kitchen & Dining,8608.93
SKU-134,2026-08-02,4,128.93,52.0,99.6,152.42,LightGBM Regressor,Kitchen & Dining,8608.93
SKU-134,2026-08-09,5,135.2,168.0,102.41,161.46,LightGBM Regressor,Kitchen & Dining,8608.93
SKU-134,2026-08-16,6,136.53,175.0,100.61,165.3,LightGBM Regressor,Kitchen & Dining,8608.93
SKU-135,2026-07-12,1,13.15,13.0,0.0,24.9,LightGBM Regressor,Furnishings,28173.25
SKU-135,2026-07-19,2,12.19,13.0,0.0,28.8,LightGBM Regressor,Furnishings,28173.25
SKU-135,2026-07-26,3,12.25,15.0,0.0,32.6,LightGBM Regressor,Furnishings,28173.25
SKU-135,2026-08-02,4,11.89,2.0,0.0,35.39,LightGBM Regressor,Furnishings,28173.25
SKU-135,2026-08-09,5,12.66,13.0,0.0,38.93,LightGBM Regressor,Furnishings,28173.25
SKU-135,2026-08-16,6,12.49,13.0,0.0,41.26,LightGBM Regressor,Furnishings,28173.25
SKU-136,2026-07-12,1,52.37,63.0,37.7,64.12,LightGBM Regressor,Home Décor,3780.13
SKU-136,2026-07-19,2,50.31,68.0,29.57,66.92,LightGBM Regressor,Home Décor,3780.13
SKU-136,2026-07-26,3,47.0,61.0,21.6,67.34,LightGBM Regressor,Home Décor,3780.13
SKU-136,2026-08-02,4,45.43,18.0,16.11,68.93,LightGBM Regressor,Home Décor,3780.13
SKU-136,2026-08-09,5,51.27,63.0,18.48,77.54,LightGBM Regressor,Home Décor,3780.13
SKU-136,2026-08-16,6,49.85,68.0,13.93,78.62,LightGBM Regressor,Home Décor,3780.13
SKU-137,2026-07-12,1,15.02,13.0,0.36,26.77,LightGBM Regressor,Small Appliances,15383.82
SKU-137,2026-07-19,2,15.54,15.0,0.0,32.16,LightGBM Regressor,Small Appliances,15383.82
SKU-137,2026-07-26,3,14.8,20.0,0.0,35.15,LightGBM Regressor,Small Appliances,15383.82
SKU-137,2026-08-02,4,14.93,2.0,0.0,38.42,LightGBM Regressor,Small Appliances,15383.82
SKU-137,2026-08-09,5,13.91,13.0,0.0,40.18,LightGBM Regressor,Small Appliances,15383.82
SKU-137,2026-08-16,6,14.31,15.0,0.0,43.09,LightGBM Regressor,Small Appliances,15383.82
SKU-138,2026-07-12,1,138.11,200.0,123.45,149.86,LightGBM Regressor,Bedding & Bath,7204.53
SKU-138,2026-07-19,2,131.15,154.0,110.41,147.77,LightGBM Regressor,Bedding & Bath,7204.53
SKU-138,2026-07-26,3,127.4,155.0,102.01,147.75,LightGBM Regressor,Bedding & Bath,7204.53
SKU-138,2026-08-02,4,122.54,37.0,93.21,146.03,LightGBM Regressor,Bedding & Bath,7204.53
SKU-138,2026-08-09,5,129.47,200.0,96.69,155.74,LightGBM Regressor,Bedding & Bath,7204.53
SKU-138,2026-08-16,6,132.78,154.0,96.86,161.56,LightGBM Regressor,Bedding & Bath,7204.53
SKU-139,2026-07-12,1,59.45,70.0,44.79,71.2,LightGBM Regressor,Kitchen & Dining,1661.8
SKU-139,2026-07-19,2,56.3,70.0,35.56,72.91,LightGBM Regressor,Kitchen & Dining,1661.8
SKU-139,2026-07-26,3,52.03,69.0,26.63,72.37,LightGBM Regressor,Kitchen & Dining,1661.8
SKU-139,2026-08-02,4,51.75,20.0,22.42,75.25,LightGBM Regressor,Kitchen & Dining,1661.8
SKU-139,2026-08-09,5,57.07,70.0,24.28,83.34,LightGBM Regressor,Kitchen & Dining,1661.8
SKU-139,2026-08-16,6,55.97,70.0,20.05,84.74,LightGBM Regressor,Kitchen & Dining,1661.8
SKU-140,2026-07-12,1,8.98,4.0,0.0,20.73,LightGBM Regressor,Furnishings,10383.07
SKU-140,2026-07-19,2,7.17,13.0,0.0,23.78,LightGBM Regressor,Furnishings,10383.07
SKU-140,2026-07-26,3,8.28,9.0,0.0,28.63,LightGBM Regressor,Furnishings,10383.07
SKU-140,2026-08-02,4,8.16,2.0,0.0,31.65,LightGBM Regressor,Furnishings,10383.07
SKU-140,2026-08-09,5,7.54,4.0,0.0,33.81,LightGBM Regressor,Furnishings,10383.07
SKU-140,2026-08-16,6,8.65,13.0,0.0,37.43,LightGBM Regressor,Furnishings,10383.07
SKU-141,2026-07-12,1,62.31,82.0,47.64,74.05,LightGBM Regressor,Home Décor,3453.89
SKU-141,2026-07-19,2,55.53,66.0,34.79,72.14,LightGBM Regressor,Home Décor,3453.89
SKU-141,2026-07-26,3,54.32,65.0,28.92,74.67,LightGBM Regressor,Home Décor,3453.89
SKU-141,2026-08-02,4,52.4,18.0,23.07,75.9,LightGBM Regressor,Home Décor,3453.89
SKU-141,2026-08-09,5,59.17,82.0,26.38,85.44,LightGBM Regressor,Home Décor,3453.89
SKU-141,2026-08-16,6,55.5,66.0,19.58,84.28,LightGBM Regressor,Home Décor,3453.89
SKU-142,2026-07-12,1,44.5,49.0,29.84,56.25,LightGBM Regressor,Small Appliances,13784.02
SKU-142,2026-07-19,2,42.38,45.0,21.64,58.99,LightGBM Regressor,Small Appliances,13784.02
SKU-142,2026-07-26,3,43.29,52.0,17.89,63.64,LightGBM Regressor,Small Appliances,13784.02
SKU-142,2026-08-02,4,41.56,22.0,12.23,65.05,LightGBM Regressor,Small Appliances,13784.02
SKU-142,2026-08-09,5,44.68,49.0,11.89,70.95,LightGBM Regressor,Small Appliances,13784.02
SKU-142,2026-08-16,6,44.1,45.0,8.18,72.88,LightGBM Regressor,Small Appliances,13784.02
SKU-143,2026-07-12,1,134.27,131.0,119.61,146.02,LightGBM Regressor,Bedding & Bath,4676.72
SKU-143,2026-07-19,2,137.23,173.0,116.5,153.85,LightGBM Regressor,Bedding & Bath,4676.72
SKU-143,2026-07-26,3,131.46,163.0,106.06,151.81,LightGBM Regressor,Bedding & Bath,4676.72
SKU-143,2026-08-02,4,123.66,40.0,94.33,147.15,LightGBM Regressor,Bedding & Bath,4676.72
SKU-143,2026-08-09,5,130.87,131.0,98.08,157.14,LightGBM Regressor,Bedding & Bath,4676.72
SKU-143,2026-08-16,6,133.19,173.0,97.27,161.97,LightGBM Regressor,Bedding & Bath,4676.72
SKU-144,2026-07-12,1,45.33,55.0,30.66,57.07,LightGBM Regressor,Kitchen & Dining,2434.3
SKU-144,2026-07-19,2,42.49,48.0,21.76,59.11,LightGBM Regressor,Kitchen & Dining,2434.3
SKU-144,2026-07-26,3,44.22,55.0,18.82,64.57,LightGBM Regressor,Kitchen & Dining,2434.3
SKU-144,2026-08-02,4,41.54,16.0,12.22,65.04,LightGBM Regressor,Kitchen & Dining,2434.3
SKU-144,2026-08-09,5,44.34,55.0,11.56,70.61,LightGBM Regressor,Kitchen & Dining,2434.3
SKU-144,2026-08-16,6,43.72,48.0,7.8,72.49,LightGBM Regressor,Kitchen & Dining,2434.3
SKU-145,2026-07-12,1,11.68,12.0,0.0,23.43,LightGBM Regressor,Furnishings,48221.94
SKU-145,2026-07-19,2,11.68,12.0,0.0,28.3,LightGBM Regressor,Furnishings,48221.94
SKU-145,2026-07-26,3,11.23,14.0,0.0,31.58,LightGBM Regressor,Furnishings,48221.94
SKU-145,2026-08-02,4,12.19,4.0,0.0,35.69,LightGBM Regressor,Furnishings,48221.94
SKU-145,2026-08-09,5,12.29,12.0,0.0,38.55,LightGBM Regressor,Furnishings,48221.94
SKU-145,2026-08-16,6,12.26,12.0,0.0,41.03,LightGBM Regressor,Furnishings,48221.94
SKU-146,2026-07-12,1,63.1,70.0,48.43,74.85,LightGBM Regressor,Home Décor,4649.96
SKU-146,2026-07-19,2,62.3,90.0,41.56,78.92,LightGBM Regressor,Home Décor,4649.96
SKU-146,2026-07-26,3,58.01,85.0,32.62,78.36,LightGBM Regressor,Home Décor,4649.96
SKU-146,2026-08-02,4,51.98,10.0,22.65,75.47,LightGBM Regressor,Home Décor,4649.96
SKU-146,2026-08-09,5,62.02,70.0,29.23,88.29,LightGBM Regressor,Home Décor,4649.96
SKU-146,2026-08-16,6,59.64,90.0,23.72,88.42,LightGBM Regressor,Home Décor,4649.96
SKU-147,2026-07-12,1,18.82,31.0,4.16,30.57,LightGBM Regressor,Small Appliances,9269.03
SKU-147,2026-07-19,2,17.25,17.0,0.0,33.87,LightGBM Regressor,Small Appliances,9269.03
SKU-147,2026-07-26,3,17.71,18.0,0.0,38.06,LightGBM Regressor,Small Appliances,9269.03
SKU-147,2026-08-02,4,16.96,5.0,0.0,40.46,LightGBM Regressor,Small Appliances,9269.03
SKU-147,2026-08-09,5,18.87,31.0,0.0,45.14,LightGBM Regressor,Small Appliances,9269.03
SKU-147,2026-08-16,6,15.92,17.0,0.0,44.7,LightGBM Regressor,Small Appliances,9269.03
SKU-148,2026-07-12,1,144.33,175.0,129.66,156.07,LightGBM Regressor,Bedding & Bath,2555.05
SKU-148,2026-07-19,2,137.64,164.0,116.9,154.25,LightGBM Regressor,Bedding & Bath,2555.05
SKU-148,2026-07-26,3,135.46,168.0,110.06,155.81,LightGBM Regressor,Bedding & Bath,2555.05
SKU-148,2026-08-02,4,123.68,42.0,94.35,147.17,LightGBM Regressor,Bedding & Bath,2555.05
SKU-148,2026-08-09,5,135.15,175.0,102.36,161.42,LightGBM Regressor,Bedding & Bath,2555.05
SKU-148,2026-08-16,6,135.69,164.0,99.77,164.46,LightGBM Regressor,Bedding & Bath,2555.05
SKU-149,2026-07-12,1,116.29,131.0,101.63,128.04,LightGBM Regressor,Kitchen & Dining,7529.01
SKU-149,2026-07-19,2,119.02,159.0,98.28,135.63,LightGBM Regressor,Kitchen & Dining,7529.01
SKU-149,2026-07-26,3,109.96,135.0,84.56,130.3,LightGBM Regressor,Kitchen & Dining,7529.01
SKU-149,2026-08-02,4,115.92,33.0,86.59,139.41,LightGBM Regressor,Kitchen & Dining,7529.01
SKU-149,2026-08-09,5,119.03,131.0,86.25,145.3,LightGBM Regressor,Kitchen & Dining,7529.01
SKU-149,2026-08-16,6,118.02,159.0,82.1,146.79,LightGBM Regressor,Kitchen & Dining,7529.01
SKU-150,2026-07-12,1,9.95,14.0,0.0,21.7,LightGBM Regressor,Furnishings,38673.64
SKU-150,2026-07-19,2,9.84,11.0,0.0,26.45,LightGBM Regressor,Furnishings,38673.64
SKU-150,2026-07-26,3,8.73,6.0,0.0,29.08,LightGBM Regressor,Furnishings,38673.64
SKU-150,2026-08-02,4,9.23,1.0,0.0,32.73,LightGBM Regressor,Furnishings,38673.64
SKU-150,2026-08-09,5,9.77,14.0,0.0,36.04,LightGBM Regressor,Furnishings,38673.64
SKU-150,2026-08-16,6,9.19,11.0,0.0,37.96,LightGBM Regressor,Furnishings,38673.64
SKU-151,2026-07-12,1,110.34,144.0,95.68,122.09,LightGBM Regressor,Home Décor,6445.47
SKU-151,2026-07-19,2,111.68,128.0,90.95,128.3,LightGBM Regressor,Home Décor,6445.47
SKU-151,2026-07-26,3,104.78,131.0,79.38,125.13,LightGBM Regressor,Home Décor,6445.47
SKU-151,2026-08-02,4,100.35,20.0,71.03,123.85,LightGBM Regressor,Home Décor,6445.47
SKU-151,2026-08-09,5,108.21,144.0,75.43,134.48,LightGBM Regressor,Home Décor,6445.47
SKU-151,2026-08-16,6,104.24,128.0,68.32,133.01,LightGBM Regressor,Home Décor,6445.47
SKU-152,2026-07-12,1,16.88,21.0,2.22,28.63,LightGBM Regressor,Small Appliances,4616.79
SKU-152,2026-07-19,2,15.14,17.0,0.0,31.75,LightGBM Regressor,Small Appliances,4616.79
SKU-152,2026-07-26,3,15.24,10.0,0.0,35.59,LightGBM Regressor,Small Appliances,4616.79
SKU-152,2026-08-02,4,15.25,5.0,0.0,38.75,LightGBM Regressor,Small Appliances,4616.79
SKU-152,2026-08-09,5,15.2,21.0,0.0,41.47,LightGBM Regressor,Small Appliances,4616.79
SKU-152,2026-08-16,6,13.97,17.0,0.0,42.75,LightGBM Regressor,Small Appliances,4616.79
SKU-153,2026-07-12,1,48.22,61.0,33.55,59.96,LightGBM Regressor,Bedding & Bath,6451.65
SKU-153,2026-07-19,2,49.94,62.0,29.2,66.55,LightGBM Regressor,Bedding & Bath,6451.65
SKU-153,2026-07-26,3,45.89,53.0,20.5,66.24,LightGBM Regressor,Bedding & Bath,6451.65
SKU-153,2026-08-02,4,44.35,17.0,15.03,67.85,LightGBM Regressor,Bedding & Bath,6451.65
SKU-153,2026-08-09,5,47.5,61.0,14.72,73.77,LightGBM Regressor,Bedding & Bath,6451.65
SKU-153,2026-08-16,6,47.84,62.0,11.92,76.62,LightGBM Regressor,Bedding & Bath,6451.65
SKU-154,2026-07-12,1,49.74,66.0,35.08,61.49,LightGBM Regressor,Kitchen & Dining,5389.91
SKU-154,2026-07-19,2,49.62,63.0,28.88,66.23,LightGBM Regressor,Kitchen & Dining,5389.91
SKU-154,2026-07-26,3,42.84,45.0,17.44,63.19,LightGBM Regressor,Kitchen & Dining,5389.91
SKU-154,2026-08-02,4,44.26,20.0,14.93,67.75,LightGBM Regressor,Kitchen & Dining,5389.91
SKU-154,2026-08-09,5,48.61,66.0,15.82,74.88,LightGBM Regressor,Kitchen & Dining,5389.91
SKU-154,2026-08-16,6,46.02,63.0,10.1,74.8,LightGBM Regressor,Kitchen & Dining,5389.91
SKU-155,2026-07-12,1,5.42,2.0,0.0,17.17,LightGBM Regressor,Furnishings,8884.82
SKU-155,2026-07-19,2,4.92,4.0,0.0,21.53,LightGBM Regressor,Furnishings,8884.82
SKU-155,2026-07-26,3,4.92,2.0,0.0,25.27,LightGBM Regressor,Furnishings,8884.82
SKU-155,2026-08-02,4,4.92,1.0,0.0,28.41,LightGBM Regressor,Furnishings,8884.82
SKU-155,2026-08-09,5,5.51,2.0,0.0,31.78,LightGBM Regressor,Furnishings,8884.82
SKU-155,2026-08-16,6,4.89,4.0,0.0,33.67,LightGBM Regressor,Furnishings,8884.82
SKU-156,2026-07-12,1,20.69,25.0,6.02,32.43,LightGBM Regressor,Home Décor,3697.53
SKU-156,2026-07-19,2,19.55,25.0,0.0,36.17,LightGBM Regressor,Home Décor,3697.53
SKU-156,2026-07-26,3,19.08,19.0,0.0,39.42,LightGBM Regressor,Home Décor,3697.53
SKU-156,2026-08-02,4,18.59,6.0,0.0,42.08,LightGBM Regressor,Home Décor,3697.53
SKU-156,2026-08-09,5,20.66,25.0,0.0,46.93,LightGBM Regressor,Home Décor,3697.53
SKU-156,2026-08-16,6,19.24,25.0,0.0,48.01,LightGBM Regressor,Home Décor,3697.53
SKU-157,2026-07-12,1,6.14,5.0,0.0,17.89,LightGBM Regressor,Small Appliances,9105.27
SKU-157,2026-07-19,2,6.18,5.0,0.0,22.79,LightGBM Regressor,Small Appliances,9105.27
SKU-157,2026-07-26,3,6.09,5.0,0.0,26.44,LightGBM Regressor,Small Appliances,9105.27
SKU-157,2026-08-02,4,6.52,4.0,0.0,30.01,LightGBM Regressor,Small Appliances,9105.27
SKU-157,2026-08-09,5,5.57,5.0,0.0,31.84,LightGBM Regressor,Small Appliances,9105.27
SKU-157,2026-08-16,6,5.6,5.0,0.0,34.38,LightGBM Regressor,Small Appliances,9105.27
SKU-158,2026-07-12,1,35.96,50.0,21.29,47.71,LightGBM Regressor,Bedding & Bath,5938.03
SKU-158,2026-07-19,2,32.32,42.0,11.58,48.93,LightGBM Regressor,Bedding & Bath,5938.03
SKU-158,2026-07-26,3,30.27,35.0,4.88,50.62,LightGBM Regressor,Bedding & Bath,5938.03
SKU-158,2026-08-02,4,31.41,11.0,2.08,54.91,LightGBM Regressor,Bedding & Bath,5938.03
SKU-158,2026-08-09,5,35.57,50.0,2.78,61.84,LightGBM Regressor,Bedding & Bath,5938.03
SKU-158,2026-08-16,6,32.61,42.0,0.0,61.39,LightGBM Regressor,Bedding & Bath,5938.03
SKU-159,2026-07-12,1,23.74,28.0,9.08,35.49,LightGBM Regressor,Kitchen & Dining,4694.62
SKU-159,2026-07-19,2,23.8,24.0,3.07,40.42,LightGBM Regressor,Kitchen & Dining,4694.62
SKU-159,2026-07-26,3,23.26,27.0,0.0,43.61,LightGBM Regressor,Kitchen & Dining,4694.62
SKU-159,2026-08-02,4,21.05,7.0,0.0,44.54,LightGBM Regressor,Kitchen & Dining,4694.62
SKU-159,2026-08-09,5,22.25,28.0,0.0,48.51,LightGBM Regressor,Kitchen & Dining,4694.62
SKU-159,2026-08-16,6,22.08,24.0,0.0,50.86,LightGBM Regressor,Kitchen & Dining,4694.62
SKU-160,2026-07-12,1,5.62,5.0,0.0,17.37,LightGBM Regressor,Furnishings,51443.77
SKU-160,2026-07-19,2,6.1,3.0,0.0,22.71,LightGBM Regressor,Furnishings,51443.77
SKU-160,2026-07-26,3,5.12,5.0,0.0,25.46,LightGBM Regressor,Furnishings,51443.77
SKU-160,2026-08-02,4,5.15,3.0,0.0,28.65,LightGBM Regressor,Furnishings,51443.77
SKU-160,2026-08-09,5,5.44,5.0,0.0,31.71,LightGBM Regressor,Furnishings,51443.77
SKU-160,2026-08-16,6,5.56,3.0,0.0,34.33,LightGBM Regressor,Furnishings,51443.77
SKU-161,2026-07-12,1,19.56,14.0,4.9,31.31,LightGBM Regressor,Home Décor,6197.65
SKU-161,2026-07-19,2,19.75,31.0,0.0,36.36,LightGBM Regressor,Home Décor,6197.65
SKU-161,2026-07-26,3,18.49,18.0,0.0,38.84,LightGBM Regressor,Home Décor,6197.65
SKU-161,2026-08-02,4,18.4,6.0,0.0,41.9,LightGBM Regressor,Home Décor,6197.65
SKU-161,2026-08-09,5,18.96,14.0,0.0,45.23,LightGBM Regressor,Home Décor,6197.65
SKU-161,2026-08-16,6,20.37,31.0,0.0,49.14,LightGBM Regressor,Home Décor,6197.65
SKU-162,2026-07-12,1,11.36,10.0,0.0,23.11,LightGBM Regressor,Small Appliances,7231.41
SKU-162,2026-07-19,2,11.81,10.0,0.0,28.43,LightGBM Regressor,Small Appliances,7231.41
SKU-162,2026-07-26,3,12.03,15.0,0.0,32.37,LightGBM Regressor,Small Appliances,7231.41
SKU-162,2026-08-02,4,12.34,3.0,0.0,35.84,LightGBM Regressor,Small Appliances,7231.41
SKU-162,2026-08-09,5,12.04,10.0,0.0,38.31,LightGBM Regressor,Small Appliances,7231.41
SKU-162,2026-08-16,6,12.01,10.0,0.0,40.79,LightGBM Regressor,Small Appliances,7231.41
SKU-163,2026-07-12,1,19.84,11.0,5.18,31.59,LightGBM Regressor,Bedding & Bath,4209.73
SKU-163,2026-07-19,2,19.4,22.0,0.0,36.01,LightGBM Regressor,Bedding & Bath,4209.73
SKU-163,2026-07-26,3,20.97,29.0,0.0,41.32,LightGBM Regressor,Bedding & Bath,4209.73
SKU-163,2026-08-02,4,20.89,14.0,0.0,44.38,LightGBM Regressor,Bedding & Bath,4209.73
SKU-163,2026-08-09,5,19.15,11.0,0.0,45.42,LightGBM Regressor,Bedding & Bath,4209.73
SKU-163,2026-08-16,6,21.07,22.0,0.0,49.84,LightGBM Regressor,Bedding & Bath,4209.73
SKU-164,2026-07-12,1,35.87,36.0,21.21,47.62,LightGBM Regressor,Kitchen & Dining,3291.38
SKU-164,2026-07-19,2,35.91,52.0,15.17,52.52,LightGBM Regressor,Kitchen & Dining,3291.38
SKU-164,2026-07-26,3,31.49,33.0,6.09,51.84,LightGBM Regressor,Kitchen & Dining,3291.38
SKU-164,2026-08-02,4,30.63,14.0,1.31,54.13,LightGBM Regressor,Kitchen & Dining,3291.38
SKU-164,2026-08-09,5,35.76,36.0,2.97,62.03,LightGBM Regressor,Kitchen & Dining,3291.38
SKU-164,2026-08-16,6,35.86,52.0,0.0,64.64,LightGBM Regressor,Kitchen & Dining,3291.38
SKU-165,2026-07-12,1,5.61,2.0,0.0,17.35,LightGBM Regressor,Furnishings,28532.78
SKU-165,2026-07-19,2,5.47,2.0,0.0,22.09,LightGBM Regressor,Furnishings,28532.78
SKU-165,2026-07-26,3,5.24,5.0,0.0,25.59,LightGBM Regressor,Furnishings,28532.78
SKU-165,2026-08-02,4,5.08,1.0,0.0,28.58,LightGBM Regressor,Furnishings,28532.78
SKU-165,2026-08-09,5,5.08,2.0,0.0,31.35,LightGBM Regressor,Furnishings,28532.78
SKU-165,2026-08-16,6,5.06,2.0,0.0,33.83,LightGBM Regressor,Furnishings,28532.78
SKU-166,2026-07-12,1,26.2,31.0,11.54,37.95,LightGBM Regressor,Home Décor,4581.56
SKU-166,2026-07-19,2,27.39,35.0,6.65,44.0,LightGBM Regressor,Home Décor,4581.56
SKU-166,2026-07-26,3,27.49,39.0,2.09,47.84,LightGBM Regressor,Home Décor,4581.56
SKU-166,2026-08-02,4,25.28,9.0,0.0,48.77,LightGBM Regressor,Home Décor,4581.56
SKU-166,2026-08-09,5,27.62,31.0,0.0,53.89,LightGBM Regressor,Home Décor,4581.56
SKU-166,2026-08-16,6,28.26,35.0,0.0,57.04,LightGBM Regressor,Home Décor,4581.56
SKU-167,2026-07-12,1,13.69,12.0,0.0,25.44,LightGBM Regressor,Small Appliances,7396.59
SKU-167,2026-07-19,2,13.64,19.0,0.0,30.25,LightGBM Regressor,Small Appliances,7396.59
SKU-167,2026-07-26,3,12.59,9.0,0.0,32.94,LightGBM Regressor,Small Appliances,7396.59
SKU-167,2026-08-02,4,12.88,8.0,0.0,36.37,LightGBM Regressor,Small Appliances,7396.59
SKU-167,2026-08-09,5,12.78,12.0,0.0,39.05,LightGBM Regressor,Small Appliances,7396.59
SKU-167,2026-08-16,6,13.73,19.0,0.0,42.51,LightGBM Regressor,Small Appliances,7396.59
SKU-168,2026-07-12,1,25.43,34.0,10.77,37.18,LightGBM Regressor,Bedding & Bath,3579.95
SKU-168,2026-07-19,2,23.92,24.0,3.18,40.53,LightGBM Regressor,Bedding & Bath,3579.95
SKU-168,2026-07-26,3,24.8,31.0,0.0,45.15,LightGBM Regressor,Bedding & Bath,3579.95
SKU-168,2026-08-02,4,24.38,5.0,0.0,47.88,LightGBM Regressor,Bedding & Bath,3579.95
SKU-168,2026-08-09,5,26.37,34.0,0.0,52.64,LightGBM Regressor,Bedding & Bath,3579.95
SKU-168,2026-08-16,6,24.67,24.0,0.0,53.45,LightGBM Regressor,Bedding & Bath,3579.95
SKU-169,2026-07-12,1,31.5,36.0,16.83,43.24,LightGBM Regressor,Kitchen & Dining,4735.58
SKU-169,2026-07-19,2,31.63,30.0,10.89,48.24,LightGBM Regressor,Kitchen & Dining,4735.58
SKU-169,2026-07-26,3,30.78,51.0,5.38,51.13,LightGBM Regressor,Kitchen & Dining,4735.58
SKU-169,2026-08-02,4,27.88,6.0,0.0,51.38,LightGBM Regressor,Kitchen & Dining,4735.58
SKU-169,2026-08-09,5,28.9,36.0,0.0,55.17,LightGBM Regressor,Kitchen & Dining,4735.58
SKU-169,2026-08-16,6,28.41,30.0,0.0,57.19,LightGBM Regressor,Kitchen & Dining,4735.58
SKU-170,2026-07-12,1,7.44,5.0,0.0,19.19,LightGBM Regressor,Furnishings,23904.01
SKU-170,2026-07-19,2,9.01,5.0,0.0,25.62,LightGBM Regressor,Furnishings,23904.01
SKU-170,2026-07-26,3,9.43,12.0,0.0,29.78,LightGBM Regressor,Furnishings,23904.01
SKU-170,2026-08-02,4,7.89,3.0,0.0,31.39,LightGBM Regressor,Furnishings,23904.01
SKU-170,2026-08-09,5,7.16,5.0,0.0,33.43,LightGBM Regressor,Furnishings,23904.01
SKU-170,2026-08-16,6,7.43,5.0,0.0,36.21,LightGBM Regressor,Furnishings,23904.01
SKU-171,2026-07-12,1,26.94,32.0,12.27,38.69,LightGBM Regressor,Home Décor,2746.54
SKU-171,2026-07-19,2,25.11,27.0,4.37,41.72,LightGBM Regressor,Home Décor,2746.54
SKU-171,2026-07-26,3,23.89,29.0,0.0,44.24,LightGBM Regressor,Home Décor,2746.54
SKU-171,2026-08-02,4,23.86,8.0,0.0,47.35,LightGBM Regressor,Home Décor,2746.54
SKU-171,2026-08-09,5,26.55,32.0,0.0,52.82,LightGBM Regressor,Home Décor,2746.54
SKU-171,2026-08-16,6,25.23,27.0,0.0,54.0,LightGBM Regressor,Home Décor,2746.54
SKU-172,2026-07-12,1,12.94,13.0,0.0,24.69,LightGBM Regressor,Small Appliances,14103.64
SKU-172,2026-07-19,2,13.0,15.0,0.0,29.61,LightGBM Regressor,Small Appliances,14103.64
SKU-172,2026-07-26,3,12.84,17.0,0.0,33.19,LightGBM Regressor,Small Appliances,14103.64
SKU-172,2026-08-02,4,11.48,1.0,0.0,34.97,LightGBM Regressor,Small Appliances,14103.64
SKU-172,2026-08-09,5,12.33,13.0,0.0,38.6,LightGBM Regressor,Small Appliances,14103.64
SKU-172,2026-08-16,6,12.52,15.0,0.0,41.3,LightGBM Regressor,Small Appliances,14103.64
SKU-173,2026-07-12,1,26.64,22.0,11.98,38.39,LightGBM Regressor,Bedding & Bath,2749.72
SKU-173,2026-07-19,2,27.67,38.0,6.93,44.28,LightGBM Regressor,Bedding & Bath,2749.72
SKU-173,2026-07-26,3,24.78,28.0,0.0,45.12,LightGBM Regressor,Bedding & Bath,2749.72
SKU-173,2026-08-02,4,24.49,7.0,0.0,47.99,LightGBM Regressor,Bedding & Bath,2749.72
SKU-173,2026-08-09,5,25.46,22.0,0.0,51.73,LightGBM Regressor,Bedding & Bath,2749.72
SKU-173,2026-08-16,6,26.5,38.0,0.0,55.27,LightGBM Regressor,Bedding & Bath,2749.72
SKU-174,2026-07-12,1,40.05,45.0,25.39,51.8,LightGBM Regressor,Kitchen & Dining,9417.25
SKU-174,2026-07-19,2,37.82,44.0,17.09,54.44,LightGBM Regressor,Kitchen & Dining,9417.25
SKU-174,2026-07-26,3,37.42,50.0,12.02,57.77,LightGBM Regressor,Kitchen & Dining,9417.25
SKU-174,2026-08-02,4,33.25,11.0,3.92,56.74,LightGBM Regressor,Kitchen & Dining,9417.25
SKU-174,2026-08-09,5,39.78,45.0,6.99,66.04,LightGBM Regressor,Kitchen & Dining,9417.25
SKU-174,2026-08-16,6,38.25,44.0,2.34,67.03,LightGBM Regressor,Kitchen & Dining,9417.25
SKU-175,2026-07-12,1,5.54,2.0,0.0,17.29,LightGBM Regressor,Furnishings,23123.32
SKU-175,2026-07-19,2,5.2,6.0,0.0,21.81,LightGBM Regressor,Furnishings,23123.32
SKU-175,2026-07-26,3,5.33,6.0,0.0,25.67,LightGBM Regressor,Furnishings,23123.32
SKU-175,2026-08-02,4,5.54,1.0,0.0,29.03,LightGBM Regressor,Furnishings,23123.32
SKU-175,2026-08-09,5,5.48,2.0,0.0,31.75,LightGBM Regressor,Furnishings,23123.32
SKU-175,2026-08-16,6,5.45,6.0,0.0,34.23,LightGBM Regressor,Furnishings,23123.32
SKU-176,2026-07-12,1,10.64,9.0,0.0,22.39,LightGBM Regressor,Home Décor,3283.52
SKU-176,2026-07-19,2,12.46,11.0,0.0,29.07,LightGBM Regressor,Home Décor,3283.52
SKU-176,2026-07-26,3,12.08,14.0,0.0,32.43,LightGBM Regressor,Home Décor,3283.52
SKU-176,2026-08-02,4,10.74,1.0,0.0,34.23,LightGBM Regressor,Home Décor,3283.52
SKU-176,2026-08-09,5,11.49,9.0,0.0,37.76,LightGBM Regressor,Home Décor,3283.52
SKU-176,2026-08-16,6,12.46,11.0,0.0,41.24,LightGBM Regressor,Home Décor,3283.52
SKU-177,2026-07-12,1,14.39,14.0,0.0,26.14,LightGBM Regressor,Small Appliances,10490.87
SKU-177,2026-07-19,2,14.96,18.0,0.0,31.57,LightGBM Regressor,Small Appliances,10490.87
SKU-177,2026-07-26,3,13.62,15.0,0.0,33.97,LightGBM Regressor,Small Appliances,10490.87
SKU-177,2026-08-02,4,13.99,2.0,0.0,37.49,LightGBM Regressor,Small Appliances,10490.87
SKU-177,2026-08-09,5,13.83,14.0,0.0,40.1,LightGBM Regressor,Small Appliances,10490.87
SKU-177,2026-08-16,6,13.98,18.0,0.0,42.75,LightGBM Regressor,Small Appliances,10490.87
SKU-178,2026-07-12,1,58.81,79.0,44.15,70.56,LightGBM Regressor,Bedding & Bath,6948.46
SKU-178,2026-07-19,2,55.5,75.0,34.76,72.12,LightGBM Regressor,Bedding & Bath,6948.46
SKU-178,2026-07-26,3,53.96,70.0,28.56,74.31,LightGBM Regressor,Bedding & Bath,6948.46
SKU-178,2026-08-02,4,50.21,18.0,20.89,73.71,LightGBM Regressor,Bedding & Bath,6948.46
SKU-178,2026-08-09,5,57.79,79.0,25.0,84.06,LightGBM Regressor,Bedding & Bath,6948.46
SKU-178,2026-08-16,6,57.58,75.0,21.66,86.35,LightGBM Regressor,Bedding & Bath,6948.46
SKU-179,2026-07-12,1,34.88,47.0,20.21,46.63,LightGBM Regressor,Kitchen & Dining,4041.05
SKU-179,2026-07-19,2,31.7,37.0,10.96,48.31,LightGBM Regressor,Kitchen & Dining,4041.05
SKU-179,2026-07-26,3,31.1,40.0,5.7,51.44,LightGBM Regressor,Kitchen & Dining,4041.05
SKU-179,2026-08-02,4,29.89,7.0,0.56,53.39,LightGBM Regressor,Kitchen & Dining,4041.05
SKU-179,2026-08-09,5,33.73,47.0,0.95,60.0,LightGBM Regressor,Kitchen & Dining,4041.05
SKU-179,2026-08-16,6,28.25,37.0,0.0,57.03,LightGBM Regressor,Kitchen & Dining,4041.05
SKU-180,2026-07-12,1,9.33,5.0,0.0,21.08,LightGBM Regressor,Furnishings,50212.84
SKU-180,2026-07-19,2,8.35,6.0,0.0,24.96,LightGBM Regressor,Furnishings,50212.84
SKU-180,2026-07-26,3,8.65,15.0,0.0,28.99,LightGBM Regressor,Furnishings,50212.84
SKU-180,2026-08-02,4,8.76,4.0,0.0,32.25,LightGBM Regressor,Furnishings,50212.84
SKU-180,2026-08-09,5,7.72,5.0,0.0,33.99,LightGBM Regressor,Furnishings,50212.84
SKU-180,2026-08-16,6,8.25,6.0,0.0,37.03,LightGBM Regressor,Furnishings,50212.84
SKU-181,2026-07-12,1,27.57,31.0,12.9,39.32,LightGBM Regressor,Home Décor,4353.26
SKU-181,2026-07-19,2,28.0,31.0,7.26,44.61,LightGBM Regressor,Home Décor,4353.26
SKU-181,2026-07-26,3,28.08,30.0,2.68,48.42,LightGBM Regressor,Home Décor,4353.26
SKU-181,2026-08-02,4,26.17,9.0,0.0,49.67,LightGBM Regressor,Home Décor,4353.26
SKU-181,2026-08-09,5,26.33,31.0,0.0,52.6,LightGBM Regressor,Home Décor,4353.26
SKU-181,2026-08-16,6,26.3,31.0,0.0,55.07,LightGBM Regressor,Home Décor,4353.26
SKU-182,2026-07-12,1,7.61,5.0,0.0,19.36,LightGBM Regressor,Small Appliances,4958.2
SKU-182,2026-07-19,2,9.64,12.0,0.0,26.26,LightGBM Regressor,Small Appliances,4958.2
SKU-182,2026-07-26,3,7.39,7.0,0.0,27.73,LightGBM Regressor,Small Appliances,4958.2
SKU-182,2026-08-02,4,7.31,0.0,0.0,30.81,LightGBM Regressor,Small Appliances,4958.2
SKU-182,2026-08-09,5,7.25,5.0,0.0,33.52,LightGBM Regressor,Small Appliances,4958.2
SKU-182,2026-08-16,6,7.94,12.0,0.0,36.71,LightGBM Regressor,Small Appliances,4958.2
SKU-183,2026-07-12,1,56.65,70.0,41.99,68.4,LightGBM Regressor,Bedding & Bath,6566.01
SKU-183,2026-07-19,2,54.31,57.0,33.57,70.92,LightGBM Regressor,Bedding & Bath,6566.01
SKU-183,2026-07-26,3,53.96,75.0,28.56,74.3,LightGBM Regressor,Bedding & Bath,6566.01
SKU-183,2026-08-02,4,50.38,16.0,21.05,73.87,LightGBM Regressor,Bedding & Bath,6566.01
SKU-183,2026-08-09,5,56.17,70.0,23.38,82.43,LightGBM Regressor,Bedding & Bath,6566.01
SKU-183,2026-08-16,6,54.66,57.0,18.75,83.44,LightGBM Regressor,Bedding & Bath,6566.01
SKU-184,2026-07-12,1,59.04,87.0,44.37,70.78,LightGBM Regressor,Kitchen & Dining,6782.81
SKU-184,2026-07-19,2,55.78,74.0,35.04,72.4,LightGBM Regressor,Kitchen & Dining,6782.81
SKU-184,2026-07-26,3,53.82,70.0,28.42,74.17,LightGBM Regressor,Kitchen & Dining,6782.81
SKU-184,2026-08-02,4,51.36,9.0,22.03,74.85,LightGBM Regressor,Kitchen & Dining,6782.81
SKU-184,2026-08-09,5,58.61,87.0,25.82,84.88,LightGBM Regressor,Kitchen & Dining,6782.81
SKU-184,2026-08-16,6,56.11,74.0,20.19,84.89,LightGBM Regressor,Kitchen & Dining,6782.81
SKU-185,2026-07-12,1,7.44,6.0,0.0,19.19,LightGBM Regressor,Furnishings,54222.8
SKU-185,2026-07-19,2,7.23,11.0,0.0,23.85,LightGBM Regressor,Furnishings,54222.8
SKU-185,2026-07-26,3,6.21,5.0,0.0,26.55,LightGBM Regressor,Furnishings,54222.8
SKU-185,2026-08-02,4,6.59,4.0,0.0,30.08,LightGBM Regressor,Furnishings,54222.8
SKU-185,2026-08-09,5,6.64,6.0,0.0,32.91,LightGBM Regressor,Furnishings,54222.8
SKU-185,2026-08-16,6,7.49,11.0,0.0,36.26,LightGBM Regressor,Furnishings,54222.8
SKU-186,2026-07-12,1,18.22,17.0,3.55,29.96,LightGBM Regressor,Home Décor,5398.51
SKU-186,2026-07-19,2,18.07,23.0,0.0,34.68,LightGBM Regressor,Home Décor,5398.51
SKU-186,2026-07-26,3,16.27,19.0,0.0,36.62,LightGBM Regressor,Home Décor,5398.51
SKU-186,2026-08-02,4,15.81,4.0,0.0,39.3,LightGBM Regressor,Home Décor,5398.51
SKU-186,2026-08-09,5,15.56,17.0,0.0,41.83,LightGBM Regressor,Home Décor,5398.51
SKU-186,2026-08-16,6,16.99,23.0,0.0,45.77,LightGBM Regressor,Home Décor,5398.51
SKU-187,2026-07-12,1,13.42,15.0,0.0,25.17,LightGBM Regressor,Small Appliances,5528.68
SKU-187,2026-07-19,2,14.41,17.0,0.0,31.03,LightGBM Regressor,Small Appliances,5528.68
SKU-187,2026-07-26,3,14.69,20.0,0.0,35.04,LightGBM Regressor,Small Appliances,5528.68
SKU-187,2026-08-02,4,14.65,6.0,0.0,38.14,LightGBM Regressor,Small Appliances,5528.68
SKU-187,2026-08-09,5,15.24,15.0,0.0,41.51,LightGBM Regressor,Small Appliances,5528.68
SKU-187,2026-08-16,6,14.72,17.0,0.0,43.5,LightGBM Regressor,Small Appliances,5528.68
SKU-188,2026-07-12,1,55.26,64.0,40.6,67.01,LightGBM Regressor,Bedding & Bath,4266.56
SKU-188,2026-07-19,2,55.23,63.0,34.49,71.84,LightGBM Regressor,Bedding & Bath,4266.56
SKU-188,2026-07-26,3,54.19,81.0,28.8,74.54,LightGBM Regressor,Bedding & Bath,4266.56
SKU-188,2026-08-02,4,50.32,12.0,20.99,73.81,LightGBM Regressor,Bedding & Bath,4266.56
SKU-188,2026-08-09,5,56.37,64.0,23.59,82.64,LightGBM Regressor,Bedding & Bath,4266.56
SKU-188,2026-08-16,6,54.53,63.0,18.61,83.31,LightGBM Regressor,Bedding & Bath,4266.56
SKU-189,2026-07-12,1,40.28,58.0,25.62,52.03,LightGBM Regressor,Kitchen & Dining,6303.5
SKU-189,2026-07-19,2,39.83,45.0,19.09,56.44,LightGBM Regressor,Kitchen & Dining,6303.5
SKU-189,2026-07-26,3,37.13,47.0,11.73,57.48,LightGBM Regressor,Kitchen & Dining,6303.5
SKU-189,2026-08-02,4,36.03,10.0,6.7,59.52,LightGBM Regressor,Kitchen & Dining,6303.5
SKU-189,2026-08-09,5,40.15,58.0,7.36,66.42,LightGBM Regressor,Kitchen & Dining,6303.5
SKU-189,2026-08-16,6,38.66,45.0,2.74,67.44,LightGBM Regressor,Kitchen & Dining,6303.5
SKU-190,2026-07-12,1,8.64,8.0,0.0,20.39,LightGBM Regressor,Furnishings,19944.56
SKU-190,2026-07-19,2,8.83,13.0,0.0,25.44,LightGBM Regressor,Furnishings,19944.56
SKU-190,2026-07-26,3,8.89,14.0,0.0,29.24,LightGBM Regressor,Furnishings,19944.56
SKU-190,2026-08-02,4,7.89,1.0,0.0,31.39,LightGBM Regressor,Furnishings,19944.56
SKU-190,2026-08-09,5,8.62,8.0,0.0,34.89,LightGBM Regressor,Furnishings,19944.56
SKU-190,2026-08-16,6,9.12,13.0,0.0,37.89,LightGBM Regressor,Furnishings,19944.56
SKU-191,2026-07-12,1,38.1,42.0,23.44,49.85,LightGBM Regressor,Home Décor,6268.91
SKU-191,2026-07-19,2,37.17,40.0,16.43,53.78,LightGBM Regressor,Home Décor,6268.91
SKU-191,2026-07-26,3,36.68,53.0,11.28,57.03,LightGBM Regressor,Home Décor,6268.91
SKU-191,2026-08-02,4,30.71,7.0,1.39,54.21,LightGBM Regressor,Home Décor,6268.91
SKU-191,2026-08-09,5,38.18,42.0,5.4,64.45,LightGBM Regressor,Home Décor,6268.91
SKU-191,2026-08-16,6,38.09,40.0,2.17,66.86,LightGBM Regressor,Home Décor,6268.91
SKU-192,2026-07-12,1,18.98,18.0,4.31,30.73,LightGBM Regressor,Small Appliances,8484.44
SKU-192,2026-07-19,2,18.52,20.0,0.0,35.14,LightGBM Regressor,Small Appliances,8484.44
SKU-192,2026-07-26,3,18.64,24.0,0.0,38.99,LightGBM Regressor,Small Appliances,8484.44
SKU-192,2026-08-02,4,18.45,7.0,0.0,41.94,LightGBM Regressor,Small Appliances,8484.44
SKU-192,2026-08-09,5,18.47,18.0,0.0,44.74,LightGBM Regressor,Small Appliances,8484.44
SKU-192,2026-08-16,6,19.07,20.0,0.0,47.85,LightGBM Regressor,Small Appliances,8484.44
SKU-193,2026-07-12,1,24.94,26.0,10.28,36.69,LightGBM Regressor,Bedding & Bath,7761.56
SKU-193,2026-07-19,2,24.28,33.0,3.54,40.9,LightGBM Regressor,Bedding & Bath,7761.56
SKU-193,2026-07-26,3,23.66,25.0,0.0,44.01,LightGBM Regressor,Bedding & Bath,7761.56
SKU-193,2026-08-02,4,23.01,7.0,0.0,46.51,LightGBM Regressor,Bedding & Bath,7761.56
SKU-193,2026-08-09,5,25.92,26.0,0.0,52.19,LightGBM Regressor,Bedding & Bath,7761.56
SKU-193,2026-08-16,6,24.48,33.0,0.0,53.26,LightGBM Regressor,Bedding & Bath,7761.56
SKU-194,2026-07-12,1,40.37,54.0,25.71,52.12,LightGBM Regressor,Kitchen & Dining,2199.66
SKU-194,2026-07-19,2,38.32,44.0,17.58,54.93,LightGBM Regressor,Kitchen & Dining,2199.66
SKU-194,2026-07-26,3,36.8,44.0,11.4,57.14,LightGBM Regressor,Kitchen & Dining,2199.66
SKU-194,2026-08-02,4,32.44,10.0,3.12,55.94,LightGBM Regressor,Kitchen & Dining,2199.66
SKU-194,2026-08-09,5,39.92,54.0,7.14,66.19,LightGBM Regressor,Kitchen & Dining,2199.66
SKU-194,2026-08-16,6,37.97,44.0,2.05,66.75,LightGBM Regressor,Kitchen & Dining,2199.66
SKU-195,2026-07-12,1,5.83,4.0,0.0,17.58,LightGBM Regressor,Furnishings,27879.87
SKU-195,2026-07-19,2,6.58,7.0,0.0,23.19,LightGBM Regressor,Furnishings,27879.87
SKU-195,2026-07-26,3,5.75,8.0,0.0,26.1,LightGBM Regressor,Furnishings,27879.87
SKU-195,2026-08-02,4,5.81,2.0,0.0,29.31,LightGBM Regressor,Furnishings,27879.87
SKU-195,2026-08-09,5,5.54,4.0,0.0,31.81,LightGBM Regressor,Furnishings,27879.87
SKU-195,2026-08-16,6,6.4,7.0,0.0,35.18,LightGBM Regressor,Furnishings,27879.87
